network,station,latitude,longitude,elevation_m,basin_name,huc_code,huc_name,start_date,end_date
CC,AHAB,46.19479,-122.187027,2298.0,Cowlitz,17080005,Lower Cowlitz,2005-02-08T00:00:00.000000Z,2005-02-17T00:00:00.000000Z
CC,ARAT,46.789,-121.853,1822.44,Nisqually,17110015,Nisqually,2020-08-06T00:00:00.000000Z,
CC,ASCR,46.13557,-121.49901,1692.68,,,,2024-09-30T00:00:00.000000Z,2024-12-22T00:00:00.000000Z
CC,ATOM,46.027422,-121.274334,581.04,,,,2024-10-09T00:00:00.000000Z,2025-04-26T00:00:00.000000Z
CC,AWST,46.14465,-121.77136,1159.0,,,,2017-10-18T00:00:00.000000Z,2020-01-01T00:00:00.000000Z
CC,BLIS,46.197472,-122.186569,2116.0,Cowlitz,17080005,Lower Cowlitz,2004-10-12T00:00:00.000000Z,2005-02-17T00:00:00.000000Z
CC,CARB,46.98832,-122.00541,872.47,Puyallup,17110014,Puyallup,2018-10-16T00:00:00.000000Z,
CC,CC,45.61092,-122.49613,66.66,,,,2019-01-01T00:00:00.000000Z,
CC,COPP,46.79798,-121.82875,1895.0,Nisqually,17110015,Nisqually,2022-09-20T11:00:00.000000Z,
CC,CRBN,46.988155,-121.961026,500.08,Puyallup,17110014,Puyallup,2020-10-22T00:00:00.000000Z,
CC,CRYS,46.93441,-121.50026,2027.15,Puyallup,17110014,Puyallup,2025-09-11T00:00:00.000000Z,
CC,EDOM,46.1974,-122.1521,2033.89,,,,2021-06-08T00:00:00.000000Z,
CC,ELBE,46.76645,-122.19329,386.0,Nisqually,17110015,Nisqually,2023-08-23T00:00:00.000000Z,
CC,FLAT,46.18951,-122.35646,0.0,Cowlitz,17080005,Lower Cowlitz,2023-06-28T00:00:00.000000Z,
CC,GNOB,46.79414,-121.91438,1659.36,Puyallup,17110014,Puyallup,2022-10-18T13:21:00.000000Z,
CC,GOBB,46.79414,-121.91438,1659.36,Puyallup,17110014,Puyallup,2022-09-07T00:00:00.000000Z,
CC,GRWR,47.11343,-121.61437,589.68,Puyallup,17110014,Puyallup,2025-09-08T00:00:00.000000Z,
CC,GTWY,46.740208,-121.916966,617.235,Nisqually,17110015,Nisqually,2020-10-28T20:00:00.000000Z,
CC,GUAC,46.2192,-122.19233,1618.3,Cowlitz,17080005,Lower Cowlitz,2018-11-19T00:00:00.000000Z,
CC,HOA,46.24178,-122.19183,1151.0,Cowlitz,17080005,Lower Cowlitz,2021-06-08T00:00:00.000000Z,
CC,HORC,46.057765,-121.539055,830.1,,,,2024-10-09T00:00:00.000000Z,
CC,HUT1,45.61126,-122.49676,86.0,,,,2023-02-10T00:00:00.000000Z,
CC,JRO,46.27527,-122.21826,1219.0,Cowlitz,17080005,Lower Cowlitz,2004-10-02T00:00:00.000000Z,
CC,KAUT,46.730263,-121.857381,689.0,Nisqually,17110015,Nisqually,2020-09-02T00:00:00.000000Z,
CC,KAVK,46.76041,-122.03856,532.0,Nisqually,17110015,Nisqually,2023-08-22T00:00:00.000000Z,
CC,LONE,47.00989,-121.67369,1639.53,Puyallup,17110014,Puyallup,2025-09-08T00:00:00.000000Z,
CC,LONR,47.00989,-121.67369,1639.53,Puyallup,17110014,Puyallup,2025-10-02T16:30:00.000000Z,
CC,LOO,46.22375,-122.18439,1521.35,Cowlitz,17080005,Lower Cowlitz,2021-06-08T00:00:00.000000Z,
CC,MAR,46.28532,-122.29667,679.27,Cowlitz,17080005,Lower Cowlitz,2021-06-17T00:00:00.000000Z,
CC,MIBL,46.197319,-122.186913,2132.0,Cowlitz,17080005,Lower Cowlitz,2005-11-18T00:00:00.000000Z,2007-12-31T00:00:00.000000Z
CC,MIDE,46.19775,-122.187439,2132.0,Cowlitz,17080005,Lower Cowlitz,2005-02-16T00:00:00.000000Z,2005-07-26T00:00:00.000000Z
CC,MILD,46.8081,-121.77568,2015.59,Nisqually,17110015,Nisqually,2022-09-20T00:00:00.000000Z,
CC,MIRR,46.8005,-121.8376,1653.59,Nisqually,17110015,Nisqually,2020-07-14T00:00:00.000000Z,2022-09-04T00:00:00.000000Z
CC,MOJO,46.11254,-121.571358,1150.62,,,,2025-09-30T00:00:00.000000Z,
CC,NED,46.200249,-122.185493,2060.0,Cowlitz,17080005,Lower Cowlitz,2004-11-20T00:00:00.000000Z,2013-05-01T00:00:00.000000Z
CC,NFT,46.27,-122.25611,818.16,Cowlitz,17080005,Lower Cowlitz,2021-06-08T00:00:00.000000Z,
CC,NMSF,46.215371,-122.24465,1219.0,Cowlitz,17080005,Lower Cowlitz,2021-10-07T00:00:00.000000Z,2024-10-25T00:00:00.000000Z
CC,OBSR,46.899719,-121.815331,2382.0,Puyallup,17110014,Puyallup,2008-09-10T00:00:00.000000Z,
CC,OPCH,46.731288,-121.5713,593.43,Cowlitz,17080004,Upper Cowlitz,2020-10-26T00:00:00.000000Z,
CC,OSO1,48.283697,-121.854406,195.0,Stillaguamish,17110008,Stillaguamish,2014-03-31T00:00:00.000000Z,2014-05-10T00:00:00.000000Z
CC,OSO2,48.286652,-121.852805,279.0,Stillaguamish,17110008,Stillaguamish,2014-03-31T00:00:00.000000Z,2014-05-08T00:00:00.000000Z
CC,OSO3,48.284958,-121.848385,157.0,Stillaguamish,17110008,Stillaguamish,2014-03-31T00:00:00.000000Z,2014-05-03T00:00:00.000000Z
CC,PALI,47.0777,-121.7105,1420.52,Puyallup,17110014,Puyallup,2025-09-08T00:00:00.000000Z,
CC,PANH,46.859032,-121.642592,2086.0,Puyallup,17110014,Puyallup,2007-09-10T00:00:00.000000Z,
CC,PARA,46.786441,-121.742195,1651.18,Nisqually,17110015,Nisqually,2020-10-07T00:00:00.000000Z,
CC,PR00,45.61092,-122.49613,66.66,,,,2019-01-01T00:00:00.000000Z,
CC,PR01,46.910103,-122.037586,648.0,Puyallup,17110014,Puyallup,2016-11-03T00:00:00.000000Z,
CC,PR02,46.918303,-122.048695,461.0,Puyallup,17110014,Puyallup,2016-11-17T00:00:00.000000Z,
CC,PR03,46.903433,-122.032691,523.0,Puyallup,17110014,Puyallup,2016-09-15T00:00:00.000000Z,
CC,PR04,46.929773,-121.988592,908.0,Puyallup,17110014,Puyallup,2017-01-01T00:00:00.000000Z,
CC,PR05,46.841723,-121.948863,1553.0,Puyallup,17110014,Puyallup,2017-09-28T00:00:00.000000Z,
CC,RAFT,46.195679,-122.186317,2132.0,Cowlitz,17080005,Lower Cowlitz,2005-07-28T00:00:00.000000Z,2007-12-31T00:00:00.000000Z
CC,REM,46.2002,-122.1855,1905.44,Cowlitz,17080005,Lower Cowlitz,2018-07-25T00:00:00.000000Z,
CC,RUSH,46.90305,-121.94419,1235.0,Puyallup,17110014,Puyallup,2019-06-20T00:00:00.000000Z,
CC,SEND,46.193501,-122.185432,0.0,Cowlitz,17080005,Lower Cowlitz,2005-06-30T00:00:00.000000Z,2005-11-17T00:00:00.000000Z
CC,SEP,46.19978,-122.190857,2114.0,Cowlitz,17080005,Lower Cowlitz,2004-11-05T00:00:00.000000Z,
CC,SIFT,46.86683,-121.95329,732.0,Puyallup,17110014,Puyallup,2019-06-20T00:00:00.000000Z,
CC,SMSF,46.20771,-122.25082,1116.5,Cowlitz,17080005,Lower Cowlitz,2021-09-16T00:00:00.000000Z,2021-11-22T00:00:00.000000Z
CC,SPN5,46.194698,-122.18837,2263.0,Cowlitz,17080005,Lower Cowlitz,2007-06-18T00:00:00.000000Z,2007-12-31T00:00:00.000000Z
CC,SQCH,46.21581,-122.18914,1664.22,Cowlitz,17080005,Lower Cowlitz,2025-08-21T00:00:00.000000Z,
CC,SR41,46.88668,-121.536642,1454.0,Puyallup,17110014,Puyallup,2015-07-09T00:00:00.000000Z,2018-04-28T00:00:00.000000Z
CC,STD,46.23749,-122.22421,1189.0,Cowlitz,17080005,Lower Cowlitz,2004-10-05T00:00:00.000000Z,
CC,STYX,46.963747,-122.080535,568.31,Puyallup,17110014,Puyallup,2022-05-25T00:00:00.000000Z,
CC,SUG,46.215549,-122.176262,1859.0,Cowlitz,17080005,Lower Cowlitz,2009-08-07T00:00:00.000000Z,
CC,SUNT,47.04005,-121.59674,1598.15,Puyallup,17110014,Puyallup,2025-09-08T00:00:00.000000Z,
CC,SWF2,46.178349,-122.216766,1548.0,,,,2013-08-29T00:00:00.000000Z,
CC,SWFL,46.18867,-122.20203,2268.0,,,,2006-10-01T00:00:00.000000Z,2013-08-28T00:00:00.000000Z
CC,TABR,46.80435,-121.84948,1278.18,Nisqually,17110015,Nisqually,2022-09-26T00:00:00.000000Z,
CC,TACK,46.80334,-121.84436,1357.11,Nisqually,17110015,Nisqually,2023-07-11T00:00:00.000000Z,2023-09-15T00:00:00.000000Z
CC,TACK,46.80334,-121.84436,1357.11,Nisqually,17110015,Nisqually,2024-07-09T00:00:00.000000Z,2024-09-11T20:00:00.000000Z
CC,TACK,46.80334,-121.84436,1357.11,Nisqually,17110015,Nisqually,2025-07-15T00:00:00.000000Z,2025-08-30T00:00:00.000000Z
CC,TAVI,46.7957,-121.88423,1054.65,Nisqually,17110015,Nisqually,2022-09-26T00:00:00.000000Z,
CC,TRON,46.9977,-122.1753,252.74,Puyallup,17110014,Puyallup,2022-05-25T00:00:00.000000Z,
CC,UNFR,46.27251,-122.291983,884.0,Cowlitz,17080005,Lower Cowlitz,2021-06-17T00:00:00.000000Z,
CC,USF,46.21166,-122.25127,1002.97,Cowlitz,17080005,Lower Cowlitz,2025-08-14T00:00:00.000000Z,
CC,USFR,46.215333,-122.232778,1341.75,Cowlitz,17080005,Lower Cowlitz,2022-06-30T00:00:00.000000Z,
CC,VALT,46.214218,-122.189247,1681.0,Cowlitz,17080005,Lower Cowlitz,2006-08-01T00:00:00.000000Z,2024-06-06T19:00:00.000000Z
CC,VOIT,46.96636,-121.98328,977.15,Puyallup,17110014,Puyallup,2019-09-25T00:00:00.000000Z,
CC,WESG,46.195831,-122.193748,2130.0,Cowlitz,17080005,Lower Cowlitz,2005-07-12T00:00:00.000000Z,2005-09-14T23:59:59.000000Z
CC,WOW,46.78003,-121.8851,875.45,Nisqually,17110015,Nisqually,2022-09-27T00:00:00.000000Z,
UW,ABER,46.34275,-123.09923,786.3,Cowlitz,17080005,Lower Cowlitz,2022-07-27T18:00:00.000000Z,
UW,ACES,47.55953,-122.34113,2.7,Duwamish,17110013,Duwamish,2004-03-10T00:00:00.000000Z,2013-08-20T00:00:00.000000Z
UW,ALCT,47.6469,-122.0377,55.0,Lake Washington,17110012,Lake Washington,2000-07-06T00:00:00.000000Z,
UW,ALKI,47.5751,-122.4176,1.0,,,,2004-06-24T00:00:00.000000Z,
UW,ALLI,47.32005,-122.91572,77.5,,,,2020-05-08T00:00:00.000000Z,
UW,ALST,46.10881,-123.03414,198.0,,,,1999-08-30T00:00:00.000000Z,
UW,ANGUS,47.10084,-123.49277,89.7,,,,2021-07-21T00:00:00.000000Z,
UW,APE,46.099461,-122.207497,579.0,,,,1980-03-23T00:00:00.000000Z,1980-06-15T00:00:00.000000Z
UW,APW,46.6576,-122.65798,457.0,,,,1980-12-01T00:00:00.000000Z,1992-05-01T23:59:59.000000Z
UW,ARTIC,46.80521,-123.75867,127.9,,,,2021-04-01T00:00:00.000000Z,
UW,ASF,46.75988,-122.02777,528.0,Nisqually,17110015,Nisqually,1995-03-20T00:00:00.000000Z,1995-06-12T23:59:59.000000Z
UW,ASH,46.20067,-122.18547,1900.0,Cowlitz,17080005,Lower Cowlitz,1981-05-13T00:00:00.000000Z,1981-09-15T23:59:59.000000Z
UW,ASR,46.15259,-121.60164,1357.0,,,,1982-09-01T00:00:00.000000Z,2023-05-16T00:00:00.000000Z
UW,ASR2,46.139699,-121.597405,1273.8,,,,2022-10-20T00:00:00.000000Z,
UW,ATES,48.23617,-122.06042,62.6,Stillaguamish,17110008,Stillaguamish,2001-09-06T00:00:00.000000Z,2012-02-24T00:00:00.000000Z
UW,AUG,45.73595,-121.68174,865.0,,,,1981-10-01T00:00:00.000000Z,
UW,BABE,47.60565,-122.53652,84.1,,,,2001-07-31T00:00:00.000000Z,2019-06-24T20:30:30.000000Z
UW,BAYC,46.59943,-123.94335,12.8,,,,2020-05-25T00:00:00.000000Z,
UW,BDGR,46.85763,-120.29764,642.4,,,,2021-06-29T00:00:00.000000Z,
UW,BDM,46.96804,-120.95319,1811.0,,,,1995-10-01T00:00:00.000000Z,1996-07-16T23:59:59.000000Z
UW,BEAV,45.5274,-122.8428,61.8,,,,2017-10-02T00:00:00.000000Z,
UW,BECK,47.64006,-122.82695,13.3,,,,2020-08-07T00:00:00.000000Z,
UW,BELF,47.46031,-122.826849,14.2,,,,2020-06-18T00:00:00.000000Z,
UW,BERY,48.2641,-122.096,149.6,Stillaguamish,17110008,Stillaguamish,2018-06-19T00:00:00.000000Z,2022-08-09T00:01:01.000000Z
UW,BES3,47.642021,-122.525337,57.0,,,,2017-05-12T00:00:00.000000Z,2017-06-07T00:00:00.000000Z
UW,BES4,47.642681,-122.646469,63.0,,,,2017-05-12T00:00:00.000000Z,2017-06-07T00:00:00.000000Z
UW,BES5,47.58448,-122.568871,4.0,,,,2017-05-12T00:00:00.000000Z,2017-06-07T00:00:00.000000Z
UW,BEVT,47.92497,-122.27811,174.1,,,,2001-02-21T00:00:00.000000Z,
UW,BFW,46.48649,-123.21608,902.0,,,,1972-10-01T00:00:00.000000Z,1980-12-31T23:59:59.000000Z
UW,BHAM,48.78724,-122.41752,116.5,Nooksack,17110004,Nooksack,2021-08-06T00:00:00.000000Z,
UW,BHW,47.83636,-122.03057,152.0,Snohomish,17110011,Snohomish,1984-07-01T00:00:00.000000Z,
UW,BICK,46.040117,-120.33945,1164.1,,,,2021-06-07T00:00:00.000000Z,
UW,BILS,47.53966,-124.25138,62.0,,,,2015-03-30T00:00:00.000000Z,
UW,BLDG,47.27458,-122.21966,33.8,Puyallup,17110014,Puyallup,2020-06-12T00:00:00.000000Z,
UW,BLN,48.006624,-122.972646,601.0,,,,1980-01-11T00:00:00.000000Z,2022-03-25T00:00:00.000000Z
UW,BLOB,46.88353,-123.25042,62.8,,,,2023-06-06T00:00:00.000000Z,
UW,BLS,48.572498,-121.666672,1341.0,Skagit,17110005,Upper Skagit,1985-03-01T00:00:00.000000Z,1985-09-15T00:00:00.000000Z
UW,BLT,45.915,-120.17699,659.0,,,,2005-10-21T00:00:00.000000Z,2025-03-21T00:00:00.000000Z
UW,BNG,47.525375,-122.301674,15.0,Duwamish,17110013,Duwamish,2017-05-31T00:00:00.000000Z,
UW,BOGA,47.947019,-124.394563,88.5,,,,2020-11-03T00:00:00.000000Z,
UW,BOIS,46.55054,-123.13018,79.8,,,,2021-04-28T00:00:00.000000Z,
UW,BOOK,48.01182,-122.523744,40.9,,,,2021-01-14T00:00:00.000000Z,
UW,BOW,46.474831,-123.229301,870.0,,,,1980-11-01T00:00:00.000000Z,2018-08-23T00:00:00.000000Z
UW,BOW2,46.47667,-123.23298,925.0,,,,2018-07-11T00:00:00.000000Z,
UW,BRAV,47.05386,-122.37483,134.1,,,,2020-08-01T00:00:00.000000Z,
UW,BRGL,47.438297,-122.648651,116.2,,,,2020-06-16T00:00:00.000000Z,
UW,BRKS,47.755196,-122.290131,23.0,Lake Washington,17110012,Lake Washington,2000-09-13T00:00:00.000000Z,
UW,BRPT,47.30104,-122.43633,31.3,,,,2020-05-07T00:00:00.000000Z,
UW,BRUIN,48.251709,-124.258624,13.0,,,,2020-06-01T00:00:00.000000Z,
UW,BSFP,47.531864,-122.30777,4.0,Duwamish,17110013,Duwamish,2004-08-08T00:00:00.000000Z,
UW,BST01,47.6817,-122.3917,68.0,Lake Washington,17110012,Lake Washington,2018-08-27T00:00:00.000000Z,2019-02-16T00:00:00.000000Z
UW,BST02,47.67013,-122.30494,44.3,Lake Washington,17110012,Lake Washington,2018-08-28T00:00:00.000000Z,2019-02-18T17:00:00.000000Z
UW,BST03,47.71539,-122.3619,111.4,,,,2018-10-16T00:00:00.000000Z,2019-02-19T04:00:00.000000Z
UW,BST04,47.700889,-122.29483,79.2,Lake Washington,17110012,Lake Washington,2018-10-16T00:00:00.000000Z,2019-02-19T05:00:00.000000Z
UW,BST05,47.68205,-122.32764,58.5,Lake Washington,17110012,Lake Washington,2018-12-29T00:00:00.000000Z,2019-02-19T16:00:00.000000Z
UW,BST06,47.70414,-122.27673,35.6,Lake Washington,17110012,Lake Washington,2019-01-09T00:00:00.000000Z,2019-02-20T02:00:00.000000Z
UW,BST07,47.66538,-122.3488,101.5,Lake Washington,17110012,Lake Washington,2019-02-20T21:00:00.000000Z,2019-06-04T18:00:00.000000Z
UW,BST08,47.68052,-122.36556,69.2,Lake Washington,17110012,Lake Washington,2019-02-22T18:00:00.000000Z,2019-06-06T02:00:00.000000Z
UW,BST09,47.654,-122.30899,37.2,Lake Washington,17110012,Lake Washington,2019-02-23T01:00:00.000000Z,2019-06-12T02:00:00.000000Z
UW,BST09,47.654,-122.30899,37.2,Lake Washington,17110012,Lake Washington,2020-01-02T00:00:00.000000Z,
UW,BST10,47.67498,-122.30693,70.9,Lake Washington,17110012,Lake Washington,2019-02-21T01:00:00.000000Z,2019-05-28T23:59:00.000000Z
UW,BST11,47.64197,-122.32883,0.0,Lake Washington,17110012,Lake Washington,2019-02-27T02:00:00.000000Z,2019-06-13T00:00:00.000000Z
UW,BST12,47.64075,-122.374,45.5,,,,2019-03-05T02:00:00.000000Z,2019-06-04T23:59:00.000000Z
UW,BST13,47.57643,-122.51831,56.9,,,,2019-06-06T19:00:00.000000Z,2019-06-28T18:00:00.000000Z
UW,BST14,47.66044,-122.51651,29.5,,,,2019-06-06T21:00:00.000000Z,2019-06-28T17:00:00.000000Z
UW,BST15,47.57601,-122.22544,92.9,Lake Washington,17110012,Lake Washington,2019-06-07T16:00:00.000000Z,2019-07-01T04:00:00.000000Z
UW,BST16,47.54494,-122.54952,63.2,,,,2019-06-12T18:00:00.000000Z,2019-10-10T17:00:00.000000Z
UW,BST17,47.49527,-122.47163,98.8,,,,2019-06-12T21:00:00.000000Z,2019-07-01T21:00:00.000000Z
UW,BST18,47.49258,-122.31306,124.5,,,,2019-06-12T23:00:00.000000Z,2019-07-01T22:00:00.000000Z
UW,BST19,47.62059,-122.90899,98.1,,,,2019-07-02T17:00:00.000000Z,2019-10-10T19:00:00.000000Z
UW,BST20,47.65499,-122.74894,99.4,,,,2019-07-02T18:00:00.000000Z,2019-10-10T18:00:00.000000Z
UW,BST21,47.39922,-123.02823,127.4,,,,2019-07-02T20:00:00.000000Z,2019-10-10T22:00:00.000000Z
UW,BST22,47.42738,-122.88477,6.0,,,,2019-07-02T21:00:00.000000Z,2020-01-09T22:00:00.000000Z
UW,BST23,47.49984,-123.06898,161.8,,,,2019-07-02T23:00:00.000000Z,2019-10-10T23:00:00.000000Z
UW,BST24,47.441253,-122.189959,146.6,Duwamish,17110013,Duwamish,2019-10-19T20:00:00.000000Z,2019-12-18T21:00:00.000000Z
UW,BST25,47.304283,-122.113795,123.4,Duwamish,17110013,Duwamish,2019-10-19T21:00:00.000000Z,2019-12-18T20:00:00.000000Z
UW,BST26,47.172806,-122.269242,121.2,Puyallup,17110014,Puyallup,2019-10-19T22:00:00.000000Z,2019-12-18T19:00:00.000000Z
UW,BST28,47.349513,-122.269701,96.2,Duwamish,17110013,Duwamish,2019-10-19T23:00:00.000000Z,2019-12-18T19:00:00.000000Z
UW,BST29,47.707245,-122.223013,95.5,Lake Washington,17110012,Lake Washington,2019-12-20T19:00:00.000000Z,2020-07-08T00:00:00.000000Z
UW,BST30,47.731972,-122.123401,126.4,Lake Washington,17110012,Lake Washington,2019-12-20T21:00:00.000000Z,2020-07-08T00:00:00.000000Z
UW,BTHL,47.79122,-122.23848,147.5,Lake Washington,17110012,Lake Washington,2020-08-04T00:00:00.000000Z,
UW,BUCKS,48.15541,-123.83423,37.2,,,,2023-09-17T00:00:00.000000Z,
UW,BURLY,46.4075,-121.86625,1616.0,Cowlitz,17080004,Upper Cowlitz,2025-08-25T00:00:00.000000Z,
UW,CBS,47.80469,-120.04285,1067.0,,,,1987-12-07T00:00:00.000000Z,
UW,CBW,47.806938,-120.033852,1160.0,,,,1975-07-01T00:00:00.000000Z,1987-12-07T23:59:59.000000Z
UW,CCFR,45.83798,-122.55889,118.4,,,,2022-04-13T00:00:00.000000Z,
UW,CDF,46.11712,-122.04625,772.0,,,,1980-03-29T00:00:00.000000Z,
UW,CDMR,47.42226,-121.75779,478.0,Snoqualmie,17110010,Snoqualmie,2008-12-23T00:00:00.000000Z,
UW,CHELN,47.83453,-120.00951,330.4,,,,2023-07-19T00:00:00.000000Z,
UW,CHIMA,48.01051,-122.78058,38.4,,,,2021-05-12T00:00:00.000000Z,
UW,CINE,46.5566,-122.5673,203.4,Cowlitz,17080005,Lower Cowlitz,2019-05-06T00:00:00.000000Z,
UW,CMK,46.934479,-121.229782,1380.0,,,,1995-10-06T00:00:00.000000Z,1996-07-16T23:59:59.000000Z
UW,CMM,46.435108,-122.50705,620.0,Cowlitz,17080005,Lower Cowlitz,1980-04-04T00:00:00.000000Z,2004-10-04T00:00:00.000000Z
UW,CMW,48.423519,-122.120262,1190.0,Skagit,17110007,Lower Skagit,1986-06-03T00:00:00.000000Z,2019-11-21T00:00:00.000000Z
UW,CNNB,45.8881,-123.9605,13.0,,,,2015-08-13T00:00:00.000000Z,
UW,CONW,48.33963,-122.31873,22.5,Skagit,17110007,Lower Skagit,2021-08-25T00:00:00.000000Z,
UW,COOM,47.1731,-122.57062,99.7,,,,2021-01-13T00:00:00.000000Z,
UW,CORE,46.925789,-123.916045,46.1,,,,2015-08-04T00:00:00.000000Z,
UW,COW,46.490829,-122.013321,305.0,Cowlitz,17080004,Upper Cowlitz,1980-03-27T00:00:00.000000Z,1989-10-04T23:59:59.000000Z
UW,COWL,46.48204,-122.66461,182.7,Cowlitz,17080005,Lower Cowlitz,2022-07-24T18:00:00.000000Z,
UW,COWS,47.6656,-121.93075,133.2,Snoqualmie,17110010,Snoqualmie,2021-08-31T00:00:00.000000Z,
UW,COYL,47.69711,-122.78816,95.9,,,,2022-02-07T00:00:00.000000Z,
UW,CPARK,46.96754,-123.69793,33.0,,,,2021-07-16T00:00:00.000000Z,
UW,CPW,46.9733,-123.13822,810.1,,,,1970-07-01T00:00:00.000000Z,
UW,CROWN,48.30293,-124.47884,399.4,,,,2022-06-23T00:00:00.000000Z,
UW,CSEN,47.801239,-122.218483,55.0,Lake Washington,17110012,Lake Washington,2000-07-25T00:00:00.000000Z,2002-02-13T00:00:00.000000Z
UW,CTR,47.6207,-122.3514,43.0,Lake Washington,17110012,Lake Washington,2017-05-31T00:00:00.000000Z,2021-06-03T19:00:00.000000Z
UW,CTR,47.62173,-122.34975,37.0,Lake Washington,17110012,Lake Washington,2021-06-03T19:00:00.000000Z,
UW,CUBS,47.40731,-122.01427,177.0,Lake Washington,17110012,Lake Washington,2022-01-14T00:00:00.000000Z,
UW,CUGR,48.1427,-122.21714,57.6,Snohomish,17110011,Snohomish,2020-08-06T00:00:00.000000Z,
UW,CWC,46.279171,-122.278,683.0,Cowlitz,17080005,Lower Cowlitz,1980-03-24T00:00:00.000000Z,1980-05-19T00:00:00.000000Z
UW,CWFG,48.0923,-122.58246,92.7,,,,2020-04-12T00:00:00.000000Z,
UW,DART,48.24334,-121.60411,176.3,,,,2023-02-09T00:00:00.000000Z,
UW,DAYT,47.22785,-123.22665,79.3,,,,2021-05-17T00:00:00.000000Z,
UW,DEAL,46.741,-123.55886,322.7,,,,2021-04-05T00:00:00.000000Z,
UW,DIG,46.21233,-122.187042,1800.0,Cowlitz,17080005,Lower Cowlitz,1985-05-01T00:00:00.000000Z,1985-11-01T23:59:59.000000Z
UW,DIO,46.200668,-122.190369,2102.0,Cowlitz,17080005,Lower Cowlitz,1986-08-01T00:00:00.000000Z,1986-10-31T23:59:59.000000Z
UW,DLR,47.10265,-121.568619,1190.0,Puyallup,17110014,Puyallup,1995-04-07T00:00:00.000000Z,1995-09-19T23:59:59.000000Z
UW,DLTA,48.93608,-122.57398,23.4,,,,2021-01-19T00:00:00.000000Z,
UW,DMNG,48.82545,-122.21451,62.8,Nooksack,17110004,Nooksack,2021-08-05T00:00:00.000000Z,
UW,DOG,46.206001,-122.176208,2317.0,Cowlitz,17080005,Lower Cowlitz,1980-05-04T00:00:00.000000Z,1980-05-29T00:00:00.000000Z
UW,DONK,48.42384,-122.15673,892.8,Skagit,17110007,Lower Skagit,2019-08-29T00:00:00.000000Z,
UW,DOORS,47.05461,-123.25726,133.2,,,,2021-09-22T00:00:00.000000Z,
UW,DOSE,47.7172,-122.9718,53.3,,,,2010-07-21T00:00:00.000000Z,
UW,DOTY,46.70464,-123.36923,429.8,,,,2021-05-19T00:00:00.000000Z,
UW,DREAM,48.30904,-120.65495,370.5,,,,2025-05-01T00:00:00.000000Z,
UW,DREG,45.5678,-122.715,11.3,,,,2017-10-03T00:00:00.000000Z,
UW,DUPO,47.10625,-122.646,68.9,,,,2022-12-09T00:00:00.000000Z,
UW,EAGLE,47.25772,-122.9985,58.3,,,,2021-11-13T00:00:00.000000Z,
UW,EARN,47.7409,-122.0438,159.0,Lake Washington,17110012,Lake Washington,2000-07-01T00:00:00.000000Z,
UW,EDM,46.19717,-122.15121,1611.0,,,,1980-06-01T00:00:00.000000Z,
UW,EDSN,48.56202,-122.43611,3.1,,,,2020-08-05T00:00:00.000000Z,
UW,EGRN,47.072342,-122.974178,55.0,,,,2001-07-01T00:00:00.000000Z,
UW,ELGR,48.145155,-122.46761,55.8,,,,2020-05-28T00:00:00.000000Z,
UW,ELK,46.30597,-122.34167,1270.0,Cowlitz,17080005,Lower Cowlitz,1980-05-16T00:00:00.000000Z,
UW,ELL,46.90951,-120.56751,789.0,,,,1979-11-24T00:00:00.000000Z,
UW,ELW,47.494099,-121.872673,320.0,Snoqualmie,17110010,Snoqualmie,1998-07-07T00:00:00.000000Z,
UW,EQ1,47.760559,-121.86528,250.0,Snoqualmie,17110010,Snoqualmie,1996-04-30T00:00:00.000000Z,1996-06-27T00:00:00.000000Z
UW,EQUIL,47.83516,-122.85408,26.2,,,,2022-10-08T00:00:00.000000Z,
UW,ERIE,48.42941,-122.60657,26.8,,,,2020-08-06T00:00:00.000000Z,
UW,ERW,48.453827,-122.626121,387.0,,,,1997-12-01T00:00:00.000000Z,
UW,EST,47.237839,-121.20726,756.0,,,,1979-06-01T00:00:00.000000Z,1986-10-28T00:00:00.000000Z
UW,ETT,47.65485,-120.294518,439.0,,,,1977-06-15T00:00:00.000000Z,1986-10-02T00:00:00.000000Z
UW,ETW,47.60451,-120.33265,1474.7,,,,1986-10-01T00:00:00.000000Z,
UW,EVCC,48.006317,-122.20365,38.0,,,,2001-08-28T00:00:00.000000Z,
UW,EVGW,47.85422,-122.15462,152.4,Lake Washington,17110012,Lake Washington,2001-07-01T00:00:00.000000Z,
UW,FALCO,45.70452,-122.5548,86.2,,,,2022-05-03T00:00:00.000000Z,
UW,FGM,47.07563,-121.76387,1158.0,Puyallup,17110014,Puyallup,1995-05-20T00:00:00.000000Z,1995-09-19T23:59:59.000000Z
UW,FINN,47.71932,-122.23344,117.88,Lake Washington,17110012,Lake Washington,2000-07-05T00:00:00.000000Z,2011-06-29T00:00:00.000000Z
UW,FINN,47.72033,-122.23027,122.4,Lake Washington,17110012,Lake Washington,2011-12-07T00:00:00.000000Z,
UW,FISH,45.9306,-123.5591,327.0,,,,2005-11-08T00:00:00.000000Z,2021-06-22T18:57:00.000000Z
UW,FISH2,45.92751,-123.49937,146.3,,,,2020-05-21T00:00:00.000000Z,
UW,FL2,46.19622,-122.35149,1378.0,Cowlitz,17080005,Lower Cowlitz,1984-08-03T00:00:00.000000Z,
UW,FLT,46.189079,-122.35746,1387.0,,,,1980-12-01T00:00:00.000000Z,1984-08-03T23:59:59.000000Z
UW,FMW,46.941914,-121.671465,1897.0,Puyallup,17110014,Puyallup,1972-08-31T00:00:00.000000Z,
UW,FOR,45.97039,-121.759529,1152.0,,,,1985-07-01T00:00:00.000000Z,1986-08-18T23:59:59.000000Z
UW,FORK,47.9475,-124.5662,44.9,,,,2009-11-18T00:00:00.000000Z,
UW,FPW,47.969021,-120.214111,352.0,,,,1975-07-01T00:00:00.000000Z,1985-05-23T23:59:59.000000Z
UW,GHW,47.041489,-122.273727,261.1,Nisqually,17110015,Nisqually,1975-08-13T00:00:00.000000Z,
UW,GIGA,46.80299,-124.07024,98.7,,,,2022-12-11T00:00:00.000000Z,
UW,GL2,45.959572,-120.824089,1000.0,,,,1973-01-01T00:00:00.000000Z,2012-06-10T00:00:00.000000Z
UW,GLD,45.836788,-120.81395,610.0,,,,1977-11-15T00:00:00.000000Z,1983-04-25T23:59:59.000000Z
UW,GLDO,45.838779,-120.814789,641.0,,,,2011-08-05T00:00:00.000000Z,2019-11-08T00:00:00.000000Z
UW,GLK,46.557499,-121.610733,1305.0,Cowlitz,17080004,Upper Cowlitz,1973-01-01T00:00:00.000000Z,2017-12-07T00:00:00.000000Z
UW,GMW,47.5488,-122.78546,520.0,,,,1970-02-01T00:00:00.000000Z,
UW,GNW,47.56413,-122.82498,220.0,,,,1995-03-01T00:00:00.000000Z,
UW,GOA,46.197189,-122.185097,1900.0,Cowlitz,17080005,Lower Cowlitz,1981-07-01T00:00:00.000000Z,1981-09-30T23:59:59.000000Z
UW,GOLDN,45.83295,-120.84539,512.0,,,,2023-11-09T00:00:00.000000Z,
UW,GORGE,45.72,-121.45006,583.1,,,,2023-12-08T00:00:00.000000Z,
UW,GPS,47.654209,-122.30938,30.0,Lake Washington,17110012,Lake Washington,1995-01-01T00:00:00.000000Z,2003-01-01T00:00:00.000000Z
UW,GPW,48.1177,-121.13802,2354.0,,,,2001-09-01T00:00:00.000000Z,
UW,GRCC,47.31237,-122.180283,134.0,Duwamish,17110013,Duwamish,2004-09-21T00:00:00.000000Z,2011-07-29T00:00:00.000000Z
UW,GRE,47.67223,-122.336511,41.0,Lake Washington,17110012,Lake Washington,2017-09-29T00:00:00.000000Z,
UW,GRIF,47.14963,-122.94619,35.3,,,,2020-06-18T00:00:00.000000Z,
UW,GRIZZ,46.98362,-123.90902,17.4,,,,2021-07-16T00:00:00.000000Z,
UW,GRL,46.81403,-121.328072,1287.0,,,,1995-10-01T00:00:00.000000Z,1996-07-18T23:59:59.000000Z
UW,GRNT,48.08761,-121.96209,129.1,Snohomish,17110011,Snohomish,2021-08-26T00:00:00.000000Z,
UW,GSM,47.20388,-121.796043,1324.7,Duwamish,17110013,Duwamish,1970-06-01T00:00:00.000000Z,
UW,GTWN,47.551212,-122.322007,6.5,Duwamish,17110013,Duwamish,2004-08-18T00:00:00.000000Z,
UW,GUEM,48.54667,-122.63014,52.5,,,,2021-04-23T00:00:00.000000Z,
UW,GUL,45.924011,-121.596748,1189.0,,,,1986-07-31T00:00:00.000000Z,2017-07-27T00:00:00.000000Z
UW,HANS,47.90736,-122.56941,77.5,,,,2021-05-14T00:00:00.000000Z,
UW,HART,47.583765,-122.350098,2.0,,,,2005-02-09T00:00:00.000000Z,
UW,HAWK,47.18207,-122.40545,127.6,Puyallup,17110014,Puyallup,2022-01-17T00:00:00.000000Z,
UW,HAZEL,45.74401,-122.71594,54.2,,,,2022-07-19T00:00:00.000000Z,
UW,HDW,47.64903,-123.0535,987.4,,,,1979-10-15T00:00:00.000000Z,
UW,HERD,47.22757,-123.6531,178.1,,,,2022-05-08T00:00:00.000000Z,
UW,HFMN,48.8846,-122.70077,67.6,,,,2020-11-20T00:00:00.000000Z,
UW,HICC,47.38998,-122.29918,116.0,,,,2001-06-27T00:00:00.000000Z,2025-01-28T22:00:01.000000Z
UW,HICC,47.38924,-122.30084,105.0,,,,2025-01-28T22:00:02.000000Z,
UW,HILL,48.38806,-122.44702,38.1,Skagit,17110007,Lower Skagit,2020-08-27T00:00:00.000000Z,
UW,HOHM,47.76627,-124.30569,44.4,,,,2019-12-31T00:00:00.000000Z,
UW,HOLY,47.5654,-122.3836,106.0,,,,2000-06-26T00:00:00.000000Z,
UW,HOMA,47.3577,-122.03033,167.96,Duwamish,17110013,Duwamish,2020-02-14T00:00:00.000000Z,
UW,HOPR,47.9229,-120.8943,596.8,,,,2019-06-29T00:00:00.000000Z,
UW,HOQUI,47.08075,-123.9566,101.0,,,,2021-07-15T00:00:00.000000Z,
UW,HSR,46.17428,-122.18065,1720.0,,,,1985-08-12T00:00:00.000000Z,
UW,HTW,47.80377,-121.76887,833.0,Skykomish,17110009,Skykomish,1975-06-01T00:00:00.000000Z,
UW,HUBA,45.630675,-122.65259,45.0,,,,2002-09-12T00:00:00.000000Z,
UW,HURR,47.97035,-123.49871,1605.0,,,,2017-05-10T00:00:00.000000Z,
UW,HWK1,47.595886,-122.330132,11.0,,,,2014-01-07T00:00:00.000000Z,2017-01-24T00:00:00.000000Z
UW,HWK2,47.594742,-122.332825,20.7,,,,2014-01-07T00:00:00.000000Z,2017-01-24T00:00:00.000000Z
UW,HWK3,47.594772,-122.33046,20.7,,,,2014-01-15T00:00:00.000000Z,2017-01-24T00:00:00.000000Z
UW,HWK4,47.595703,-122.332825,20.7,,,,2017-01-05T00:00:00.000000Z,2017-01-24T00:00:00.000000Z
UW,HWK5,47.595745,-122.330688,20.7,,,,2017-01-05T00:00:00.000000Z,2017-01-24T00:00:00.000000Z
UW,HWK6,47.59626,-122.331902,72.1,,,,2017-01-05T00:00:00.000000Z,2017-01-24T00:00:00.000000Z
UW,INGAL,46.72087,-123.18199,158.6,,,,2022-07-23T14:00:00.000000Z,
UW,JCW,48.195332,-121.92746,792.0,Stillaguamish,17110008,Stillaguamish,1971-02-01T00:00:00.000000Z,
UW,JLF,46.1465,-122.154213,1049.0,,,,1980-03-01T00:00:00.000000Z,1980-05-18T23:59:59.000000Z
UW,JUN,46.14706,-122.152428,1049.0,,,,1980-05-08T00:00:00.000000Z,
UW,KALA,47.56572,-124.33714,118.8,,,,2023-09-15T00:00:00.000000Z,
UW,KCAM,47.5442,-122.31848,6.0,Duwamish,17110013,Duwamish,2004-06-22T00:00:00.000000Z,
UW,KDK,47.59503,-122.33353,4.2,,,,2001-09-27T00:00:00.000000Z,
UW,KEEL,45.55006,-122.89632,69.4,,,,1999-08-25T00:00:00.000000Z,
UW,KELS,46.11569,-122.89293,3.83,Cowlitz,17080005,Lower Cowlitz,2019-12-31T00:00:00.000000Z,
UW,KEYP,47.24074,-122.77242,71.7,,,,2018-11-20T00:00:00.000000Z,
UW,KEYS,47.36994,-122.76456,70.1,,,,2020-02-14T00:00:00.000000Z,
UW,KICC,47.577,-122.63246,18.4,,,,2001-08-30T00:00:00.000000Z,2006-12-07T00:00:00.000000Z
UW,KIMB,47.5748,-122.3028,69.0,Lake Washington,17110012,Lake Washington,2000-08-03T00:00:00.000000Z,2021-05-13T19:00:00.000000Z
UW,KIMR,47.502669,-122.768563,121.81,,,,2000-08-16T00:00:00.000000Z,
UW,KINR,47.752022,-122.644035,8.36,,,,2000-08-15T00:00:00.000000Z,
UW,KIT,46.620281,-120.356941,1000.0,,,,1984-08-14T00:00:00.000000Z,1984-10-11T00:00:00.000000Z
UW,KITP,47.675201,-122.629745,49.0,,,,2000-08-31T00:00:00.000000Z,
UW,KMO,45.63533,-123.49073,975.0,,,,1982-09-30T00:00:00.000000Z,2019-02-09T00:00:00.000000Z
UW,KNEL,47.38052,-122.25193,14.0,Duwamish,17110013,Duwamish,2004-08-11T00:00:00.000000Z,
UW,KNGST,47.80272,-122.51469,18.6,,,,2022-02-02T00:00:00.000000Z,
UW,KNJH,47.38472,-122.228333,14.0,Duwamish,17110013,Duwamish,2001-07-01T00:00:00.000000Z,2007-04-04T00:00:00.000000Z
UW,KOS,46.462799,-122.196022,610.0,Cowlitz,17080005,Lower Cowlitz,1981-05-07T00:00:00.000000Z,2019-09-05T00:00:00.000000Z
UW,KREP,45.8852,-121.4597,472.0,,,,2017-08-31T00:00:00.000000Z,
UW,KTSAP,47.5184,-122.93874,166.9,,,,2022-10-12T00:00:00.000000Z,
UW,LACKA,46.85162,-122.48621,157.2,Nisqually,17110015,Nisqually,2021-11-18T00:00:00.000000Z,
UW,LARL,48.85949,-122.48445,26.8,Nooksack,17110004,Nooksack,2021-01-13T00:00:00.000000Z,
UW,LAWT,47.65694,-122.39062,49.0,Lake Washington,17110012,Lake Washington,2000-08-08T00:00:00.000000Z,
UW,LAYC,47.03651,-122.81606,57.1,,,,2020-06-09T00:00:00.000000Z,2024-11-08T00:00:00.000000Z
UW,LCMC,47.44486,-123.18743,744.0,,,,2019-05-09T00:00:00.000000Z,
UW,LCW,46.67049,-122.702011,396.0,,,,1992-03-01T00:00:00.000000Z,2018-10-10T00:00:00.000000Z
UW,LCW2,46.66293,-122.6973,328.9,,,,2018-10-12T00:00:00.000000Z,
UW,LEBA,46.545898,-123.563202,78.6,,,,2009-01-08T00:00:00.000000Z,
UW,LEID,46.82942,-123.46506,534.8,,,,2021-04-03T22:15:00.000000Z,
UW,LEOT,47.76718,-122.117,113.0,Lake Washington,17110012,Lake Washington,2000-07-10T00:00:00.000000Z,
UW,LEVE,45.5893,-122.6434,7.56,,,,2017-10-04T00:00:00.000000Z,
UW,LION,47.34241,-122.17185,157.8,Duwamish,17110013,Duwamish,2022-04-11T00:00:00.000000Z,
UW,LKCAV,48.30965,-121.98741,316.2,Stillaguamish,17110008,Stillaguamish,2024-12-02T00:00:00.000000Z,
UW,LMW,46.667831,-122.292549,1195.0,Cowlitz,17080005,Lower Cowlitz,1975-06-01T00:00:00.000000Z,2012-10-20T00:00:00.000000Z
UW,LO2,46.7506,-121.8096,853.0,Nisqually,17110015,Nisqually,1980-01-01T00:00:00.000000Z,
UW,LOKMT,47.14963,-120.7894,824.1,,,,2021-06-27T00:00:00.000000Z,
UW,LON,46.750599,-121.809601,853.0,Nisqually,17110015,Nisqually,1964-03-30T00:00:00.000000Z,
UW,LOPEZ,48.43658,-122.88702,10.5,,,,2021-10-20T00:00:00.000000Z,
UW,LRIV,48.0575,-123.504,293.8,,,,2009-08-27T00:00:00.000000Z,
UW,LTY,47.25451,-120.66636,807.0,,,,1993-04-15T00:00:00.000000Z,
UW,LUMI,48.7201,-122.7063,19.4,,,,2018-04-19T00:00:00.000000Z,
UW,LVP,46.065948,-122.401932,1130.0,,,,1980-04-01T00:00:00.000000Z,
UW,LWCK,46.2778,-124.0536,60.4,,,,2015-01-29T00:00:00.000000Z,
UW,LYNC,47.82555,-122.29384,132.0,Lake Washington,17110012,Lake Washington,2005-02-08T00:00:00.000000Z,
UW,LYND,48.95967,-122.41767,36.0,Nooksack,17110004,Nooksack,2021-08-04T00:00:00.000000Z,
UW,LYW,48.535172,-122.102928,107.0,Skagit,17110007,Lower Skagit,1975-04-18T00:00:00.000000Z,1985-09-30T00:00:00.000000Z
UW,MAC,47.2467,-122.5318,112.5,,,,2018-06-25T00:00:00.000000Z,
UW,MACH,47.994614,-122.031196,44.6,Snohomish,17110011,Snohomish,2020-09-18T00:00:00.000000Z,
UW,MANO,46.951105,-120.724695,1200.0,,,,2017-09-28T00:00:00.000000Z,
UW,MAPLE,47.29191,-122.67061,13.0,,,,2023-02-15T00:00:00.000000Z,
UW,MARY,47.66195,-122.12142,13.0,Lake Washington,17110012,Lake Washington,2001-05-10T00:00:00.000000Z,
UW,MAS,46.144562,-121.593063,1370.0,,,,1980-12-01T00:00:00.000000Z,1982-10-31T23:59:59.000000Z
UW,MB2,48.78384,-121.900932,1676.0,Nooksack,17110004,Nooksack,1985-09-24T00:00:00.000000Z,1989-06-30T00:00:00.000000Z
UW,MBKE,48.916377,-122.14175,135.0,Nooksack,17110004,Nooksack,2001-07-01T00:00:00.000000Z,
UW,MBPA,47.89835,-121.89018,186.0,Skykomish,17110009,Skykomish,1998-07-20T00:00:00.000000Z,
UW,MBW,48.7838,-121.9009,1676.0,Nooksack,17110004,Nooksack,1972-09-11T00:00:00.000000Z,2023-12-22T00:00:00.000000Z
UW,MBW2,48.800754,-121.920067,1590.6,Nooksack,17110004,Nooksack,2023-07-14T00:00:00.000000Z,
UW,MCLN,47.05078,-123.13765,131.88,,,,2020-02-14T00:00:00.000000Z,
UW,MCW,48.679,-122.8326,693.0,,,,1972-11-01T00:00:00.000000Z,
UW,MEAN,47.622593,-122.305412,110.0,Lake Washington,17110012,Lake Washington,2002-09-19T00:00:00.000000Z,2016-07-07T00:00:00.000000Z
UW,MEGW,46.26609,-123.87709,351.0,,,,2001-10-01T00:00:00.000000Z,
UW,MEW,47.201759,-122.647072,97.0,,,,1985-03-01T00:00:00.000000Z,2014-04-23T00:00:00.000000Z
UW,MEW,47.20184,-122.6473,100.5,,,,2022-12-02T00:00:00.000000Z,
UW,MHL,46.88221,-122.065231,1215.0,Puyallup,17110014,Puyallup,1995-08-02T00:00:00.000000Z,1995-10-31T23:59:59.000000Z
UW,MJO1,48.582323,-121.938001,757.1,Skagit,17110007,Lower Skagit,2021-09-01T00:00:00.000000Z,2021-12-03T23:00:00.000000Z
UW,MKAH,48.3707,-124.5891,18.0,,,,2015-09-03T00:00:00.000000Z,
UW,MNRL,46.65127,-122.33041,1225.0,Cowlitz,17080005,Lower Cowlitz,2025-08-07T00:00:00.000000Z,
UW,MNRO,47.84899,-121.98347,17.1,Skykomish,17110009,Skykomish,2021-10-26T00:00:00.000000Z,
UW,MNSN,47.89997,-120.14142,377.0,,,,2020-11-20T00:00:00.000000Z,
UW,MNWA,47.565029,-122.53417,7.8,,,,2007-07-11T00:00:00.000000Z,
UW,MOLE,47.65439,-122.30937,38.2,Lake Washington,17110012,Lake Washington,2015-04-24T00:00:00.000000Z,2018-01-31T00:00:00.000000Z
UW,MONTE,47.02411,-123.57511,168.1,,,,2021-07-19T00:00:00.000000Z,
UW,MOODY,47.20893,-124.01418,33.2,,,,2021-09-18T00:00:00.000000Z,
UW,MORSE,47.68901,-122.51448,35.9,,,,2022-02-05T00:00:00.000000Z,
UW,MOW,47.84618,-122.049271,180.0,Snohomish,17110011,Snohomish,1979-09-01T00:00:00.000000Z,1984-07-31T23:59:59.000000Z
UW,MOX,46.577004,-120.299609,504.2,,,,1984-10-01T00:00:00.000000Z,
UW,MPL,47.468609,-122.184578,118.0,Lake Washington,17110012,Lake Washington,1997-01-01T00:00:00.000000Z,
UW,MRBL,48.518299,-121.484497,75.0,Skagit,17110005,Upper Skagit,2008-11-10T00:00:00.000000Z,2018-02-02T00:00:00.000000Z
UW,MRN,47.59246,-122.23218,11.7,Lake Washington,17110012,Lake Washington,2018-05-23T00:00:00.000000Z,
UW,MS99,47.64197,-122.14264,115.0,Lake Washington,17110012,Lake Washington,2018-10-16T00:00:00.000000Z,
UW,MTM,46.02533,-122.21287,1121.0,,,,1980-03-27T00:00:00.000000Z,
UW,MUD,46.176689,-122.040962,488.0,,,,1980-03-25T00:00:00.000000Z,1980-05-19T00:00:00.000000Z
UW,MULN,48.53544,-122.06441,101.7,Skagit,17110007,Lower Skagit,2021-08-09T00:00:00.000000Z,
UW,MUP,46.839119,-121.126472,1456.0,,,,1995-09-30T00:00:00.000000Z,1996-07-16T23:59:59.000000Z
UW,MURR,47.11982,-122.561241,82.0,,,,2000-09-21T00:00:00.000000Z,2002-09-10T00:00:00.000000Z
UW,NAC,46.73301,-120.82485,728.0,,,,1973-01-01T00:00:00.000000Z,2025-10-22T00:00:00.000000Z
UW,NAC2,46.75277,-120.84171,985.0,,,,2025-10-22T00:00:00.000000Z,
UW,NAHC,46.495683,-124.032982,2.0,,,,2019-07-16T00:00:00.000000Z,
UW,NATEM,48.10587,-122.81852,64.0,,,,2021-03-07T00:00:00.000000Z,
UW,NBND,47.488038,-121.773839,141.4,Snoqualmie,17110010,Snoqualmie,2021-01-18T00:00:00.000000Z,
UW,NEERS,46.886322,-122.68839,131.8,,,,2021-05-17T00:00:00.000000Z,
UW,NEL,48.07802,-120.33951,1499.9,,,,1985-05-01T00:00:00.000000Z,
UW,NEMA,46.49741,-123.74997,509.4,,,,2021-04-07T00:00:00.000000Z,
UW,NFES,45.92596,-122.7244,12.2,,,,2022-01-13T00:00:00.000000Z,
UW,NIHS,47.7412,-122.22263,134.0,Lake Washington,17110012,Lake Washington,2002-06-04T00:00:00.000000Z,
UW,NINO,46.85704,-122.85159,87.4,,,,2020-05-05T00:00:00.000000Z,
UW,NLO,46.08924,-123.45173,826.0,,,,1973-01-01T00:00:00.000000Z,2015-10-06T00:00:00.000000Z
UW,NMDY,47.44537,-122.34536,34.1,,,,2020-06-17T00:00:00.000000Z,
UW,NMRF,47.43265,-122.98275,147.81,,,,2018-11-28T00:00:00.000000Z,
UW,NOB,47.63973,-122.35043,90.0,Lake Washington,17110012,Lake Washington,2018-09-27T00:00:00.000000Z,
UW,NOWS,47.6863,-122.25444,21.0,Lake Washington,17110012,Lake Washington,1998-02-12T00:00:00.000000Z,
UW,NSP,46.200939,-122.188148,2062.0,Cowlitz,17080005,Lower Cowlitz,1985-10-01T00:00:00.000000Z,1986-08-31T23:59:59.000000Z
UW,NTAT,47.6642,-120.22672,237.3,,,,2021-03-01T00:00:00.000000Z,
UW,NWD,46.209171,-122.200706,2195.0,Cowlitz,17080005,Lower Cowlitz,1980-12-01T00:00:00.000000Z,1981-05-31T23:59:59.000000Z
UW,NWPT,47.5541,-122.1737,111.89,Lake Washington,17110012,Lake Washington,2018-05-15T00:00:00.000000Z,
UW,OAKH,48.30797,-122.67371,61.0,,,,2020-08-06T00:00:00.000000Z,
UW,OBC,48.03511,-124.078819,938.0,,,,1980-05-29T00:00:00.000000Z,2019-06-16T00:00:00.000000Z
UW,OBH,47.326061,-123.867119,383.0,,,,1980-05-29T00:00:00.000000Z,2002-02-01T00:00:00.000000Z
UW,OCEN,46.952473,-124.159492,4.0,,,,2015-03-04T00:00:00.000000Z,
UW,OCP,48.29787,-124.62516,470.0,,,,1980-05-19T00:00:00.000000Z,
UW,OCRES,48.06057,-123.79219,178.6,,,,2023-09-19T00:00:00.000000Z,
UW,OCT,47.74897,-124.17514,743.0,,,,1980-07-01T00:00:00.000000Z,1984-06-21T23:59:59.000000Z
UW,OCW,47.608139,-124.269112,195.0,,,,1980-07-01T00:00:00.000000Z,1981-10-31T23:59:59.000000Z
UW,ODEER,47.94926,-123.26521,1593.0,,,,2025-06-26T00:00:00.000000Z,
UW,ODUC,47.97033,-123.87215,479.0,,,,2023-03-17T00:00:00.000000Z,
UW,OEM,48.129379,-124.305077,712.0,,,,1980-05-29T00:00:00.000000Z,1984-06-22T23:59:59.000000Z
UW,OFK,47.949799,-124.359131,134.0,,,,1980-05-29T00:00:00.000000Z,1995-10-24T00:00:00.000000Z
UW,OFR,47.933128,-124.396042,152.0,,,,1995-10-25T00:00:00.000000Z,2013-01-17T00:00:00.000000Z
UW,OHC,47.332619,-123.158793,11.0,,,,2001-07-01T00:00:00.000000Z,
UW,OHOH,47.85975,-123.93232,179.2,,,,2022-04-08T00:00:00.000000Z,
UW,OHW,48.323158,-122.533112,54.0,,,,1975-05-01T00:00:00.000000Z,2002-02-22T23:59:59.000000Z
UW,OIL,47.76966,-124.40859,365.3,,,,2025-03-05T00:00:00.000000Z,
UW,OLGA,48.60493,-122.80341,21.9,,,,2021-10-23T00:00:00.000000Z,
UW,OLQ,47.515949,-123.810043,121.0,,,,1980-06-30T00:00:00.000000Z,1989-06-22T23:59:59.000000Z
UW,OLQN,47.51325,-123.81252,86.0,,,,2019-06-05T00:00:00.000000Z,
UW,ON2,46.880581,-123.782333,257.0,,,,2000-06-01T00:00:00.000000Z,2015-09-29T00:00:00.000000Z
UW,ONR,46.8769,-123.77253,257.0,,,,1980-07-01T00:00:00.000000Z,2000-04-11T23:59:59.000000Z
UW,ONRC,47.932648,-124.39603,154.0,,,,2021-10-26T00:00:00.000000Z,2021-10-29T00:00:00.000000Z
UW,OOW,47.734138,-124.187469,561.0,,,,1984-07-14T00:00:00.000000Z,2015-06-05T00:00:00.000000Z
UW,OOW2,47.74919,-124.17544,741.0,,,,2015-03-03T00:00:00.000000Z,
UW,OPC,48.10009,-123.41291,90.0,,,,2001-05-01T00:00:00.000000Z,2009-05-09T00:00:00.000000Z
UW,OQNOB,47.41389,-124.10296,208.0,,,,2023-09-14T00:00:00.000000Z,
UW,ORCA,48.70819,-122.90921,6.5,,,,2019-12-03T00:00:00.000000Z,
UW,OSD,47.81642,-123.70568,2028.0,,,,1984-10-04T00:00:00.000000Z,
UW,OSH,47.235531,-124.167229,110.0,,,,1980-07-01T00:00:00.000000Z,1981-10-21T23:59:59.000000Z
UW,OSP,48.284641,-124.591148,585.0,,,,1983-10-02T00:00:00.000000Z,1996-08-28T23:59:59.000000Z
UW,OSQM,48.04322,-123.13139,234.9,,,,2021-03-05T00:00:00.000000Z,
UW,OSR,47.505451,-123.962959,815.0,,,,1989-09-13T00:00:00.000000Z,2012-02-11T00:00:00.000000Z
UW,OSR,47.50534,-123.96593,825.4,,,,2022-06-29T00:00:00.000000Z,
UW,OTR,48.08632,-124.34518,541.6,,,,1984-06-01T00:00:00.000000Z,
UW,OWLS,47.19813,-123.4316,111.7,,,,2021-09-20T00:00:00.000000Z,
UW,OZET,48.15762,-124.66909,32.1,,,,2022-04-06T00:00:00.000000Z,
UW,OZL,48.168121,-124.586342,195.0,,,,1980-05-29T00:00:00.000000Z,1981-09-10T23:59:59.000000Z
UW,PABH,47.212779,-124.204503,36.0,,,,2016-03-03T00:00:00.000000Z,
UW,PAK,46.84132,-122.304268,436.0,Nisqually,17110015,Nisqually,1992-08-16T00:00:00.000000Z,1995-08-02T23:59:59.000000Z
UW,PALIS,47.07373,-124.16529,12.6,,,,2021-07-17T00:00:00.000000Z,
UW,PAN4H,47.17587,-123.26958,131.7,,,,2021-05-15T00:00:00.000000Z,
UW,PASS,48.998299,-122.085197,175.4,Nooksack,17110004,Nooksack,2009-01-08T00:00:00.000000Z,
UW,PAYL,47.19284,-122.31303,12.0,Puyallup,17110014,Puyallup,2001-07-01T00:00:00.000000Z,
UW,PCEP,47.1114,-122.29122,158.0,,,,2000-08-02T00:00:00.000000Z,2025-02-20T00:00:00.000000Z
UW,PCFR,46.99057,-122.44277,134.3,Nisqually,17110015,Nisqually,2000-08-01T00:00:00.000000Z,
UW,PCMD,46.888962,-122.301483,239.0,Nisqually,17110015,Nisqually,2000-09-28T00:00:00.000000Z,2013-08-22T00:00:00.000000Z
UW,PCOL,48.099808,-123.413989,123.4,,,,2022-02-08T00:00:00.000000Z,
UW,PEAT,47.40704,-122.09537,165.5,Duwamish,17110013,Duwamish,2022-02-09T00:00:00.000000Z,
UW,PELL,46.574322,-123.29957,121.3,,,,2020-04-30T00:00:00.000000Z,
UW,PGW,47.821709,-122.600616,122.0,,,,1985-04-01T00:00:00.000000Z,2005-12-02T23:59:59.000000Z
UW,PHO,45.618671,-122.831818,299.0,,,,1982-04-22T00:00:00.000000Z,1986-10-28T23:59:59.000000Z
UW,PIE,47.6327,-122.3803,2.2,,,,2018-04-27T00:00:00.000000Z,
UW,PIER,47.5835,-122.3402,5.0,,,,2008-04-17T00:00:00.000000Z,
UW,PLBD,48.547519,-121.744412,223.0,Skagit,17110005,Upper Skagit,2019-07-01T00:00:00.000000Z,
UW,PLN,47.784512,-120.634209,700.0,,,,1977-07-10T00:00:00.000000Z,1986-09-10T23:59:59.000000Z
UW,PNLK,47.58162,-122.03483,128.0,Lake Washington,17110012,Lake Washington,2000-07-18T00:00:00.000000Z,
UW,PNLK2,47.57972,-122.03175,129.9,Lake Washington,17110012,Lake Washington,2022-04-12T00:00:00.000000Z,
UW,PRIN,48.21172,-122.63085,63.2,,,,2020-09-25T00:00:00.000000Z,
UW,PSNS,47.562729,-122.637634,26.0,,,,2004-01-07T00:00:00.000000Z,2017-08-20T00:00:00.000000Z
UW,PSNS2,47.562291,-122.647636,21.0,,,,2022-12-08T00:00:00.000000Z,
UW,PUBD,48.652599,-121.688091,325.4,Skagit,17110005,Upper Skagit,2019-07-01T00:00:00.000000Z,
UW,PUPY,46.49542,-122.14613,816.3,Cowlitz,17080005,Lower Cowlitz,2019-10-30T00:00:00.000000Z,
UW,PURDY,47.38384,-122.61992,43.9,,,,2020-09-04T00:00:00.000000Z,
UW,QADA,47.672798,-122.389633,31.0,Lake Washington,17110012,Lake Washington,2010-02-02T00:00:00.000000Z,
UW,QAMI,45.52561,-122.97613,57.6,,,,2012-03-05T00:00:00.000000Z,
UW,QARB,47.6403,-122.2938,17.3,Lake Washington,17110012,Lake Washington,2009-11-13T00:00:00.000000Z,
UW,QAW,47.63157,-122.35554,140.0,,,,1997-09-01T00:00:00.000000Z,2013-11-06T23:59:59.000000Z
UW,QBAY,47.65059,-122.37737,16.0,Lake Washington,17110012,Lake Washington,2010-02-11T00:00:00.000000Z,2014-06-11T00:00:00.000000Z
UW,QBGD,47.29793,-122.37667,116.0,,,,2010-05-07T00:00:00.000000Z,2016-04-28T00:00:00.000000Z
UW,QBIT,47.72215,-122.34992,137.3,Lake Washington,17110012,Lake Washington,2010-03-30T00:00:00.000000Z,
UW,QBOG,47.69325,-122.35712,77.9,,,,2010-02-03T00:00:00.000000Z,
UW,QBOV,47.62231,-122.1976,57.4,Lake Washington,17110012,Lake Washington,2010-02-18T00:00:00.000000Z,
UW,QBRO,48.07397,-122.12118,96.2,Snohomish,17110011,Snohomish,2013-01-19T00:00:00.000000Z,
UW,QBSH,47.52796,-122.03202,35.3,Lake Washington,17110012,Lake Washington,2010-03-02T00:00:00.000000Z,2022-12-07T23:00:00.000000Z
UW,QBUS,48.23098,-122.20043,50.1,Stillaguamish,17110008,Stillaguamish,2011-10-26T00:00:00.000000Z,
UW,QCDG,48.10002,-122.58696,52.2,,,,2011-11-16T00:00:00.000000Z,
UW,QCEN,46.71635,-122.9619,55.4,,,,2012-06-14T00:00:00.000000Z,
UW,QCMM,47.28638,-122.50765,90.2,,,,2011-05-20T00:00:00.000000Z,
UW,QCOM,47.61823,-122.33357,0.0,Lake Washington,17110012,Lake Washington,2010-02-03T00:00:00.000000Z,2019-03-29T00:00:00.000000Z
UW,QCON,48.34024,-122.34459,2.4,Skagit,17110007,Lower Skagit,2012-05-21T00:00:00.000000Z,
UW,QCOR,47.65514,-122.33183,47.6,Lake Washington,17110012,Lake Washington,2010-02-03T00:00:00.000000Z,
UW,QDHS,47.58414,-122.39656,78.2,,,,2014-11-03T00:00:00.000000Z,
UW,QDJW,45.5227,-122.58915,80.8,,,,2011-12-15T00:00:00.000000Z,
UW,QDLP,47.50655,-122.14735,138.2,Lake Washington,17110012,Lake Washington,2011-11-14T00:00:00.000000Z,
UW,QDNP,47.16575,-122.27041,141.2,Puyallup,17110014,Puyallup,2016-11-29T00:00:00.000000Z,
UW,QEGA,47.98284,-122.21261,25.3,,,,2010-04-30T00:00:00.000000Z,
UW,QEMI,47.63748,-122.30854,36.5,Lake Washington,17110012,Lake Washington,2011-11-18T00:00:00.000000Z,
UW,QEMS,46.98611,-122.81042,61.1,,,,2012-06-18T00:00:00.000000Z,2017-09-14T00:00:00.000000Z
UW,QESB,47.627502,-122.110126,118.1,Lake Washington,17110012,Lake Washington,2011-04-01T00:00:00.000000Z,
UW,QFAL,47.56557,-121.90047,0.0,Snoqualmie,17110010,Snoqualmie,2010-03-02T00:00:00.000000Z,
UW,QFFG,47.24414,-122.35802,4.1,,,,2010-10-15T00:00:00.000000Z,2016-05-19T00:00:00.000000Z
UW,QFRG,47.38026,-122.30612,77.8,,,,2011-10-18T00:00:00.000000Z,2016-11-24T00:00:00.000000Z
UW,QFRZ,47.03468,-122.92066,56.6,,,,2010-09-28T00:00:00.000000Z,2019-02-26T00:00:00.000000Z
UW,QFTL,47.53335,-122.39229,47.8,,,,2011-04-25T00:00:00.000000Z,2015-04-23T00:00:00.000000Z
UW,QFUG,45.5742,-122.68601,49.8,,,,2011-12-13T00:00:00.000000Z,
UW,QGBP,48.73338,-122.66756,4.0,Nooksack,17110004,Nooksack,2011-10-19T00:00:00.000000Z,
UW,QGFY,47.60656,-122.19511,30.8,Lake Washington,17110012,Lake Washington,2010-02-11T00:00:00.000000Z,
UW,QGLD,46.64435,-120.582741,370.0,,,,2010-04-01T00:00:00.000000Z,2017-07-04T00:00:00.000000Z
UW,QGNG,47.69009,-122.39565,85.5,,,,2010-04-12T00:00:00.000000Z,
UW,QHAN,47.57523,-122.38187,116.3,,,,2010-03-16T00:00:00.000000Z,
UW,QHOP,47.06092,-122.8396,62.0,,,,2010-09-28T00:00:00.000000Z,
UW,QHRH,47.47731,-122.20142,54.1,Duwamish,17110013,Duwamish,2010-04-23T00:00:00.000000Z,
UW,QHSH,48.76047,-122.49662,22.1,Nooksack,17110004,Nooksack,2012-05-07T00:00:00.000000Z,
UW,QJEA,47.37622,-122.22317,78.6,Duwamish,17110013,Duwamish,2011-05-16T00:00:00.000000Z,
UW,QJLF,48.98512,-122.74295,13.5,,,,2011-07-18T00:00:00.000000Z,
UW,QJOE,48.04655,-122.14003,39.8,Snohomish,17110011,Snohomish,2012-05-03T00:00:00.000000Z,2012-11-01T00:00:00.000000Z
UW,QKEV,47.30724,-122.21716,27.3,Duwamish,17110013,Duwamish,2012-05-02T00:00:00.000000Z,
UW,QKRK,47.70702,-122.19395,78.2,Lake Washington,17110012,Lake Washington,2011-04-08T00:00:00.000000Z,2016-03-27T00:00:00.000000Z
UW,QKSO,47.26988,-122.47907,97.1,,,,2011-05-16T00:00:00.000000Z,
UW,QKTN,47.8086,-122.5293,30.7,,,,2009-12-30T00:00:00.000000Z,
UW,QLBR,47.46955,-122.35948,108.3,,,,2010-04-26T00:00:00.000000Z,2021-06-24T00:00:00.000000Z
UW,QLIN,47.6925,-122.34846,102.9,Lake Washington,17110012,Lake Washington,2010-02-11T00:00:00.000000Z,2011-03-25T00:00:00.000000Z
UW,QLIZ,47.00657,-122.92482,48.2,,,,2010-09-28T00:00:00.000000Z,2015-04-24T00:00:00.000000Z
UW,QLKR,47.5068,-122.24313,80.0,Lake Washington,17110012,Lake Washington,2011-05-10T00:00:00.000000Z,2016-02-22T00:00:00.000000Z
UW,QMAC,47.34549,-122.32254,55.1,,,,2011-09-29T00:00:00.000000Z,
UW,QMAD,45.53696,-122.6148,57.3,,,,2011-12-15T00:00:00.000000Z,
UW,QMAL,47.67499,-122.30705,71.5,Lake Washington,17110012,Lake Washington,2009-12-05T00:00:00.000000Z,
UW,QMAP,47.45056,-122.33313,69.9,,,,2010-11-09T00:00:00.000000Z,
UW,QMAS,47.58774,-122.28966,51.5,Lake Washington,17110012,Lake Washington,2010-03-26T00:00:00.000000Z,
UW,QMIN,47.58788,-122.24559,69.1,Lake Washington,17110012,Lake Washington,2010-08-26T00:00:00.000000Z,
UW,QMLO,47.36405,-122.08796,121.5,Duwamish,17110013,Duwamish,2011-11-18T00:00:00.000000Z,
UW,QNCH,45.61489,-122.56893,90.2,,,,2012-03-07T00:00:00.000000Z,
UW,QNKP,47.71848,-122.3705,75.9,,,,2010-03-30T00:00:00.000000Z,
UW,QNPB,47.43327,-122.34238,67.3,,,,2010-04-26T00:00:00.000000Z,
UW,QNWT,47.63694,-122.3944,71.2,,,,2010-05-04T00:00:00.000000Z,
UW,QNZO,45.50812,-122.80932,67.4,,,,2012-03-06T00:00:00.000000Z,
UW,QOCL,47.02649,-122.90044,53.3,,,,2010-09-02T00:00:00.000000Z,
UW,QOCS,46.9776,-124.16718,0.0,,,,2010-04-09T00:00:00.000000Z,2018-05-01T00:00:00.000000Z
UW,QOPE,47.04676,-122.90115,3.0,,,,2010-09-02T00:00:00.000000Z,2013-06-24T00:00:00.000000Z
UW,QOUT,47.51009,-122.39303,8.9,,,,2011-04-08T00:00:00.000000Z,2017-08-03T00:00:00.000000Z
UW,QPAL,47.65631,-122.35632,52.5,Lake Washington,17110012,Lake Washington,2010-02-02T00:00:00.000000Z,
UW,QPBC,47.8018,-122.32652,94.4,Lake Washington,17110012,Lake Washington,2011-05-02T00:00:00.000000Z,
UW,QPLV,47.85852,-121.909204,28.2,Skykomish,17110009,Skykomish,2010-03-02T00:00:00.000000Z,
UW,QPRK,47.64448,-122.41672,24.2,,,,2010-02-03T00:00:00.000000Z,
UW,QRCR,47.48674,-122.20673,9.2,Lake Washington,17110012,Lake Washington,2010-06-08T00:00:00.000000Z,2017-08-20T00:00:00.000000Z
UW,QRMB,47.77483,-122.38951,38.6,,,,2010-03-18T00:00:00.000000Z,2025-03-27T00:00:00.000000Z
UW,QRNR,47.51982,-122.259592,20.7,Lake Washington,17110012,Lake Washington,2011-04-01T00:00:00.000000Z,
UW,QRWC,48.86541,-122.61349,79.2,Nooksack,17110004,Nooksack,2011-07-15T00:00:00.000000Z,
UW,QSAL,45.51522,-122.49525,75.8,,,,2012-03-09T00:00:00.000000Z,
UW,QSKT,47.21344,-122.53312,116.9,,,,2011-05-24T00:00:00.000000Z,
UW,QSNL,47.72346,-122.297522,64.4,Lake Washington,17110012,Lake Washington,2011-03-16T00:00:00.000000Z,
UW,QSNZ,47.62633,-122.31575,128.9,Lake Washington,17110012,Lake Washington,2012-01-17T00:00:00.000000Z,
UW,QSRV,47.65424,-122.30938,37.3,Lake Washington,17110012,Lake Washington,2009-10-01T00:00:00.000000Z,
UW,QTKM,47.22864,-122.44819,103.5,,,,2011-05-14T00:00:00.000000Z,
UW,QTNB,47.28922,-122.5569,78.8,,,,2010-09-01T00:00:00.000000Z,
UW,QTVT,47.94859,-122.22484,129.9,,,,2011-10-27T00:00:00.000000Z,2016-03-16T00:00:00.000000Z
UW,QTZ,47.011059,-121.090332,1054.0,,,,1995-09-25T00:00:00.000000Z,1996-07-17T23:59:59.000000Z
UW,QUIN,47.03351,-122.89655,39.6,,,,2010-09-22T00:00:00.000000Z,
UW,QVAS,47.582371,-122.115483,64.8,Lake Washington,17110012,Lake Washington,2011-04-01T00:00:00.000000Z,
UW,QWAK,45.5657,-122.64202,50.3,,,,2011-12-16T00:00:00.000000Z,
UW,QWLM,45.59974,-122.75038,26.6,,,,2012-03-06T00:00:00.000000Z,2019-01-25T00:00:00.000000Z
UW,QWZR,45.53233,-122.73374,229.3,,,,2011-12-15T00:00:00.000000Z,2019-01-25T00:00:00.000000Z
UW,QXRD,47.62001,-122.139338,92.1,Lake Washington,17110012,Lake Washington,2010-04-05T00:00:00.000000Z,
UW,RAD,46.716671,-121.102074,1943.0,,,,1995-06-29T00:00:00.000000Z,1995-09-30T23:59:59.000000Z
UW,RAD1,47.63613,-122.363338,120.1,Lake Washington,17110012,Lake Washington,2017-04-07T00:00:00.000000Z,2017-05-14T00:00:00.000000Z
UW,RAD2,47.631647,-122.358355,114.8,,,,2017-04-01T00:00:00.000000Z,2017-05-09T00:00:00.000000Z
UW,RAD3,47.633865,-122.362605,126.5,Lake Washington,17110012,Lake Washington,2017-04-07T00:00:00.000000Z,2017-05-07T00:00:00.000000Z
UW,RAD4,47.638039,-122.35497,121.5,Lake Washington,17110012,Lake Washington,2017-04-07T00:00:00.000000Z,2017-05-14T00:00:00.000000Z
UW,RAD5,47.635691,-122.356663,120.8,Lake Washington,17110012,Lake Washington,2017-04-03T00:00:00.000000Z,2017-05-07T00:00:00.000000Z
UW,RAD6,47.633671,-122.351162,137.4,Lake Washington,17110012,Lake Washington,2017-04-10T00:00:00.000000Z,2017-05-20T00:00:00.000000Z
UW,RADR,46.42181,-123.79897,591.4,,,,2011-01-20T00:00:00.000000Z,
UW,RAI,46.040298,-122.885101,1520.0,,,,1995-08-28T00:00:00.000000Z,2000-01-30T00:00:00.000000Z
UW,RAN,46.408169,-121.864807,1620.0,Cowlitz,17080004,Upper Cowlitz,1980-03-25T00:00:00.000000Z,1981-10-31T23:59:59.000000Z
UW,RATT,47.42546,-121.80254,442.4,Lake Washington,17110012,Lake Washington,2010-03-19T00:00:00.000000Z,
UW,RAW,47.33705,-121.93267,208.0,Lake Washington,17110012,Lake Washington,1998-07-14T00:00:00.000000Z,
UW,RBEN,47.4352,-122.186096,152.0,Duwamish,17110013,Duwamish,2000-09-26T00:00:00.000000Z,2004-05-19T00:00:00.000000Z
UW,RBO,45.540829,-122.564308,158.0,,,,1993-03-01T00:00:00.000000Z,2001-03-01T00:00:00.000000Z
UW,RBOK,45.5406,-122.5653,159.49,,,,2017-10-03T00:00:00.000000Z,
UW,RCM,46.83557,-121.73318,3077.0,Cowlitz,17080004,Upper Cowlitz,1993-09-09T00:00:00.000000Z,
UW,RCS,46.87083,-121.73231,2877.0,Puyallup,17110014,Puyallup,1989-06-27T00:00:00.000000Z,
UW,RED1,45.93684,-121.820862,1510.0,,,,1980-12-01T00:00:00.000000Z,1985-07-17T23:59:59.000000Z
UW,REDMT,45.935615,-121.820674,1503.1,,,,2024-08-20T00:00:00.000000Z,
UW,REM,46.199001,-122.185371,2102.0,Cowlitz,17080005,Lower Cowlitz,1987-01-01T00:00:00.000000Z,1997-12-31T23:59:59.000000Z
UW,RER,46.81858,-121.8425,1751.1,Nisqually,17110015,Nisqually,1989-07-13T00:00:00.000000Z,
UW,RHAZ,47.540199,-122.184929,108.0,Lake Washington,17110012,Lake Washington,2000-08-01T00:00:00.000000Z,2014-07-03T00:00:00.000000Z
UW,RIZZS,47.591,-122.33372,4.0,,,,2025-10-09T00:00:00.000000Z,
UW,RMW,47.45953,-121.806557,1024.0,Snoqualmie,17110010,Snoqualmie,1971-07-01T00:00:00.000000Z,2011-05-31T23:59:59.000000Z
UW,RNAV,47.575004,-122.294829,16.0,Lake Washington,17110012,Lake Washington,2018-04-27T00:00:00.000000Z,
UW,RNWY,48.61206,-123.1263,58.2,,,,2021-04-25T00:00:00.000000Z,
UW,ROA,46.204029,-122.18985,1790.0,Cowlitz,17080005,Lower Cowlitz,1982-03-22T00:00:00.000000Z,1982-07-31T23:59:59.000000Z
UW,ROCKI,47.3532,-120.09818,229.7,,,,2023-07-18T00:00:00.000000Z,
UW,ROCKR,47.535318,-120.29992,265.7,,,,2023-07-18T00:00:00.000000Z,
UW,ROSS,45.66178,-122.65815,61.0,,,,1999-07-21T00:00:00.000000Z,
UW,RPK,45.76152,-120.231712,330.0,,,,1973-01-01T00:00:00.000000Z,1988-08-17T23:59:59.000000Z
UW,RPW,48.44817,-121.514847,850.0,,,,1973-01-01T00:00:00.000000Z,2021-02-23T00:00:00.000000Z
UW,RPW2,48.44488,-121.52654,694.0,,,,2019-10-11T00:00:00.000000Z,
UW,RRHS,46.79942,-123.04165,48.9,,,,2001-06-20T00:00:00.000000Z,
UW,RSH,46.812092,-121.529671,1770.0,Cowlitz,17080004,Upper Cowlitz,1995-06-13T00:00:00.000000Z,1995-09-20T23:59:59.000000Z
UW,RSU,46.853161,-121.764259,4440.0,Puyallup,17110014,Puyallup,1999-08-20T00:00:00.000000Z,2001-09-21T00:00:00.000000Z
UW,RVC,46.94408,-121.97419,1000.0,Puyallup,17110014,Puyallup,1983-01-01T00:00:00.000000Z,2021-01-10T00:00:00.000000Z
UW,RVN,47.027222,-121.337837,1885.0,,,,1995-09-26T00:00:00.000000Z,2002-08-15T00:00:00.000000Z
UW,RVRV,47.93834,-122.13208,93.1,Snohomish,17110011,Snohomish,2020-08-01T00:00:00.000000Z,
UW,RVW,46.14975,-122.742996,504.0,Cowlitz,17080005,Lower Cowlitz,1981-02-01T00:00:00.000000Z,2018-08-17T00:00:00.000000Z
UW,RVW2,46.152752,-122.74122,573.9,Cowlitz,17080005,Lower Cowlitz,2018-08-09T00:00:00.000000Z,
UW,RWW,46.964729,-123.543411,15.0,,,,1995-05-11T00:00:00.000000Z,2002-10-25T00:00:00.000000Z
UW,SACA,47.33336,-122.31842,138.6,,,,2022-01-16T00:00:00.000000Z,
UW,SAIL,45.5371,-122.9628,61.8,,,,2017-10-02T00:00:00.000000Z,
UW,SALO,47.95145,-122.3731,146.9,,,,2020-08-29T00:00:00.000000Z,
UW,SATS,46.95983,-123.47559,114.1,,,,2023-06-07T00:00:00.000000Z,
UW,SAXON,48.683288,-122.160842,110.8,Nooksack,17110004,Nooksack,2021-10-25T00:00:00.000000Z,
UW,SBES,48.768139,-122.416328,119.0,Nooksack,17110004,Nooksack,2000-03-01T00:00:00.000000Z,2014-07-03T00:00:00.000000Z
UW,SBL,46.340279,-122.045921,1665.0,Cowlitz,17080004,Upper Cowlitz,1980-06-20T00:00:00.000000Z,1984-10-01T23:59:59.000000Z
UW,SCB,46.208,-122.055038,1097.0,,,,1980-07-02T00:00:00.000000Z,1980-07-10T23:59:59.000000Z
UW,SCC,47.749649,-122.361053,147.0,,,,2003-08-28T00:00:00.000000Z,2021-06-02T00:00:00.000000Z
UW,SCC2,47.74736,-122.358481,152.0,,,,2021-06-02T00:00:00.000000Z,
UW,SDRO,48.508714,-122.237726,17.67,Skagit,17110007,Lower Skagit,2019-12-11T00:00:00.000000Z,
UW,SDSN,47.525408,-122.301498,4.0,Duwamish,17110013,Duwamish,2020-09-29T00:00:00.000000Z,2020-10-02T00:00:00.000000Z
UW,SDSS,47.525323,-122.301498,4.0,Duwamish,17110013,Duwamish,2020-09-29T00:00:00.000000Z,2020-10-02T00:00:00.000000Z
UW,SEA,47.654209,-122.30938,37.3,Lake Washington,17110012,Lake Washington,1983-07-19T00:00:00.000000Z,
UW,SEAS,45.9976,-123.92449,4.6,,,,2004-01-30T00:00:00.000000Z,
UW,SEAS2,46.035647,-123.8957,59.3,,,,2020-05-27T00:00:00.000000Z,
UW,SEP,46.200211,-122.190598,2116.0,Cowlitz,17080005,Lower Cowlitz,1997-09-01T00:00:00.000000Z,2004-10-06T00:00:00.000000Z
UW,SFC,47.595171,-122.33192,5.5,,,,2019-11-09T00:00:00.000000Z,2019-11-10T00:00:00.000000Z
UW,SFT,46.211498,-122.357552,783.0,Cowlitz,17080005,Lower Cowlitz,1980-03-29T00:00:00.000000Z,1980-06-28T00:00:00.000000Z
UW,SH2,46.19347,-122.236351,1425.0,Cowlitz,17080005,Lower Cowlitz,1981-03-23T00:00:00.000000Z,1987-10-09T00:00:00.000000Z
UW,SHIP,47.655109,-122.321899,5.0,Lake Washington,17110012,Lake Washington,2002-09-06T00:00:00.000000Z,2004-11-19T00:00:00.000000Z
UW,SHUK,48.85284,-121.67695,1516.0,Nooksack,17110004,Nooksack,2009-09-02T00:00:00.000000Z,
UW,SHW,46.19364,-122.23492,1442.0,Cowlitz,17080005,Lower Cowlitz,1972-10-01T00:00:00.000000Z,
UW,SILV,47.63643,-122.72157,120.9,,,,2020-09-16T00:00:00.000000Z,
UW,SIMCO,46.33786,-120.84911,480.0,,,,2025-09-04T00:00:00.000000Z,
UW,SJIF,48.52303,-123.02248,23.8,,,,2021-04-26T00:00:00.000000Z,
UW,SKAMO,46.30808,-123.33755,336.4,,,,2021-11-20T00:00:00.000000Z,
UW,SKGF,48.47174,-122.39587,34.7,,,,2020-08-05T00:00:00.000000Z,
UW,SKIT,47.49188,-122.63125,96.8,,,,2020-06-18T00:00:00.000000Z,
UW,SKOKO,47.40908,-123.3665,949.6,,,,2022-06-23T00:00:00.000000Z,
UW,SKYK,47.70939,-121.36206,282.7,Skykomish,17110009,Skykomish,2021-03-01T00:00:00.000000Z,
UW,SLA,47.582088,-122.331451,6.0,,,,2012-02-24T00:00:00.000000Z,
UW,SLDQ,48.06224,-124.14092,297.0,,,,2019-07-24T00:00:00.000000Z,
UW,SLF,47.76058,-120.52946,1738.7,,,,1998-09-17T00:00:00.000000Z,
UW,SLH,46.631939,-120.541107,1000.0,,,,1984-08-16T00:00:00.000000Z,1984-10-25T00:00:00.000000Z
UW,SMNR,47.2046,-122.2315,22.0,Puyallup,17110014,Puyallup,2001-07-01T00:00:00.000000Z,2018-05-30T00:00:00.000000Z
UW,SMOO,48.96952,-122.79166,60.2,,,,2021-01-16T00:00:00.000000Z,
UW,SMSH,48.58641,-122.22551,97.3,,,,2021-08-10T00:00:00.000000Z,
UW,SMW,47.31945,-123.34445,877.0,,,,1975-03-01T00:00:00.000000Z,2021-12-06T00:00:00.000000Z
UW,SNAG,48.20648,-124.51981,597.7,,,,2022-06-25T00:00:00.000000Z,
UW,SOA,46.200111,-122.184258,1900.0,Cowlitz,17080005,Lower Cowlitz,1981-06-01T00:00:00.000000Z,1981-08-01T00:00:00.000000Z
UW,SOS,46.243858,-122.137871,1270.0,Cowlitz,17080005,Lower Cowlitz,1980-05-16T00:00:00.000000Z,
UW,SP2,47.55629,-122.249229,22.2,Lake Washington,17110012,Lake Washington,1997-07-01T00:00:00.000000Z,
UW,SPFR,46.94787,-122.35675,172.3,Nisqually,17110015,Nisqually,2020-06-10T00:00:00.000000Z,
UW,SPL,46.265831,-122.153671,1.0,Cowlitz,17080005,Lower Cowlitz,1980-03-22T00:00:00.000000Z,1980-05-02T00:00:00.000000Z
UW,SPW,47.55352,-122.247101,8.0,Lake Washington,17110012,Lake Washington,1969-09-01T00:00:00.000000Z,1997-07-29T23:59:59.000000Z
UW,SQM,48.073681,-123.048058,45.0,,,,2000-08-01T00:00:00.000000Z,2019-09-17T00:00:00.000000Z
UW,SSS1,47.581799,-122.331093,5.0,,,,2004-10-25T00:00:00.000000Z,
UW,SSS2,47.5818,-122.33109,5.0,,,,2004-10-25T00:00:00.000000Z,
UW,SSW,46.972149,-123.435097,120.0,,,,1993-05-01T00:00:00.000000Z,1995-04-05T00:00:00.000000Z
UW,STAR,46.850849,-121.792953,3365.0,Puyallup,17110014,Puyallup,2008-09-15T00:00:00.000000Z,
UW,STD,46.23761,-122.223961,1268.0,Cowlitz,17080005,Lower Cowlitz,1982-05-01T00:00:00.000000Z,2017-09-14T00:00:00.000000Z
UW,STNW,48.23915,-122.34318,16.9,Stillaguamish,17110008,Stillaguamish,2020-08-03T00:00:00.000000Z,
UW,STOR,47.188099,-121.9888,272.5,Puyallup,17110014,Puyallup,2008-12-03T00:00:00.000000Z,
UW,STW,48.150669,-123.671059,318.4,,,,1973-06-01T00:00:00.000000Z,
UW,SUG,46.215549,-122.176262,1859.0,Cowlitz,17080005,Lower Cowlitz,1981-08-23T00:00:00.000000Z,2009-08-07T23:59:59.000000Z
UW,SUMAS,48.99333,-122.2589,12.1,,,,2021-08-04T00:00:00.000000Z,
UW,SVOH,48.2892,-122.633163,22.0,,,,2001-09-14T00:00:00.000000Z,
UW,SVTR,47.495762,-121.781593,146.0,Snoqualmie,17110010,Snoqualmie,2002-09-20T00:00:00.000000Z,2014-02-19T00:00:00.000000Z
UW,SWID,48.01285,-122.41101,62.0,,,,2001-07-01T00:00:00.000000Z,
UW,TAHO,47.344372,-124.28746,6.4,,,,2015-04-01T00:00:00.000000Z,
UW,TAPPS,47.22689,-122.13711,173.5,Puyallup,17110014,Puyallup,2021-10-27T00:00:00.000000Z,
UW,TBLMT,47.1731,-120.59827,1088.3,,,,2021-06-24T00:00:00.000000Z,
UW,TBM,47.16985,-120.59918,1006.0,,,,1973-01-01T00:00:00.000000Z,
UW,TBPA,47.25788,-122.36818,2.0,,,,1998-08-18T00:00:00.000000Z,
UW,TCG,47.654209,-122.30938,30.0,Lake Washington,17110012,Lake Washington,1980-05-29T00:00:00.000000Z,2003-01-01T00:00:00.000000Z
UW,TDHS,47.61354,-122.31207,117.2,Lake Washington,17110012,Lake Washington,2019-07-18T00:00:00.000000Z,
UW,TDL,46.35067,-122.21704,1400.0,Cowlitz,17080005,Lower Cowlitz,1983-11-12T00:00:00.000000Z,
UW,TEHA,47.12795,-122.1963,211.7,Puyallup,17110014,Puyallup,2022-05-04T00:00:00.000000Z,
UW,TIM,46.226501,-122.155869,1317.0,Cowlitz,17080005,Lower Cowlitz,1980-03-27T00:00:00.000000Z,1983-07-19T23:59:59.000000Z
UW,TIME,47.654209,-122.30938,30.0,Lake Washington,17110012,Lake Washington,1980-01-01T00:00:00.000000Z,1980-04-01T00:00:00.000000Z
UW,TIOG,46.36914,-124.05453,5.0,,,,2019-07-17T00:00:00.000000Z,
UW,TKCO,47.53668,-122.30165,5.0,Duwamish,17110013,Duwamish,1999-10-29T00:00:00.000000Z,
UW,TKEY,47.1786,-122.7715,47.4,,,,2019-05-07T00:00:00.000000Z,
UW,TLK,45.962059,-121.585358,756.0,,,,1980-03-30T00:00:00.000000Z,1980-05-21T00:00:00.000000Z
UW,TLW1,47.69295,-121.68879,531.0,Snoqualmie,17110010,Snoqualmie,2009-04-02T00:00:00.000000Z,
UW,TOKE,46.706713,-123.968534,4.9,,,,2020-05-01T00:00:00.000000Z,
UW,TOLE,46.452694,-122.845399,84.7,Cowlitz,17080005,Lower Cowlitz,2019-02-03T00:00:00.000000Z,
UW,TOLT,47.6947,-121.6895,541.0,Snoqualmie,17110010,Snoqualmie,2007-09-04T00:00:00.000000Z,
UW,TORK,47.08747,-122.75702,86.3,,,,2020-06-10T00:00:00.000000Z,
UW,TOUT,46.30318,-122.56306,821.5,Cowlitz,17080005,Lower Cowlitz,2023-06-04T00:00:00.000000Z,
UW,TRFA,46.93007,-122.99091,56.7,,,,2020-05-06T00:00:00.000000Z,
UW,TRO,45.943829,-121.591003,829.0,,,,1980-04-22T00:00:00.000000Z,1980-07-14T00:00:00.000000Z
UW,TRW,46.29207,-120.54312,723.0,,,,1994-10-01T00:00:00.000000Z,
UW,TTW,47.69445,-121.690109,542.0,Snoqualmie,17110010,Snoqualmie,1994-10-02T00:00:00.000000Z,2005-12-02T00:00:00.000000Z
UW,TULA,48.06694,-122.27634,32.3,,,,2020-09-18T00:00:00.000000Z,
UW,TULIP,47.36005,-123.99333,65.0,,,,2022-06-30T00:00:00.000000Z,
UW,TUMW,47.00657,-122.9122,57.2,,,,2020-05-07T00:00:00.000000Z,
UW,TURTL,48.62279,-123.01346,85.6,,,,2023-02-12T00:00:00.000000Z,
UW,TWISP,48.46107,-120.11976,756.2,,,,2021-03-01T00:00:00.000000Z,
UW,TWW,47.13801,-120.86952,1027.0,,,,1986-10-24T00:00:00.000000Z,2017-01-13T00:00:00.000000Z
UW,UGAP1,46.53126,-120.46943,304.7,,,,2018-01-02T00:00:00.000000Z,2018-03-14T00:00:00.000000Z
UW,UGAP2,46.52602,-120.46404,432.1,,,,2018-01-02T00:00:00.000000Z,2018-08-04T00:00:00.000000Z
UW,UGAP3,46.52764,-120.46564,465.2,,,,2018-01-02T00:00:00.000000Z,2018-12-04T00:00:00.000000Z
UW,UGAP5,46.52663,-120.46553,435.4,,,,2018-01-22T00:00:00.000000Z,2018-12-04T00:00:00.000000Z
UW,UGAP6,46.52662,-120.46637,435.4,,,,2018-01-22T00:00:00.000000Z,2018-12-04T00:00:00.000000Z
UW,UGP4,46.530231,-120.446373,520.0,,,,2018-01-02T00:00:00.000000Z,2018-03-04T00:00:00.000000Z
UW,UGSD,46.55647,-120.47916,300.0,,,,2021-06-09T00:00:00.000000Z,
UW,UIL00,47.93927,-124.55857,57.9,,,,2024-06-21T00:00:00.000000Z,
UW,UIL01,47.93621,-124.56648,54.9,,,,2024-06-21T00:00:00.000000Z,
UW,UIL02,47.94094,-124.55978,57.9,,,,2024-06-21T00:00:00.000000Z,
UW,UIL03,47.94032,-124.55572,59.1,,,,2024-06-21T00:00:00.000000Z,
UW,UIL04,47.93774,-124.55381,59.4,,,,2024-06-21T00:00:00.000000Z,
UW,UIL05,47.93687,-124.55878,57.0,,,,2024-06-21T00:00:00.000000Z,
UW,UIL06,47.94458,-124.56234,57.9,,,,2024-06-21T00:00:00.000000Z,
UW,UIL07,47.94187,-124.55524,60.4,,,,2024-06-21T00:00:00.000000Z,
UW,UIL08,47.94305,-124.55158,61.0,,,,2024-06-21T00:00:00.000000Z,
UW,UIL09,47.93968,-124.55289,59.7,,,,2024-06-21T00:00:00.000000Z,
UW,ULB,46.567261,-121.231689,1464.0,,,,1995-06-27T00:00:00.000000Z,1995-09-30T23:59:59.000000Z
UW,UPL,47.214431,-122.546085,126.0,,,,2018-07-19T00:00:00.000000Z,
UW,UPS,47.263939,-122.483643,113.0,,,,1997-01-01T00:00:00.000000Z,
UW,UWFH,48.54593,-123.01324,7.5,,,,2001-08-02T00:00:00.000000Z,
UW,VGB,45.51551,-120.77867,729.0,,,,1980-04-01T00:00:00.000000Z,2022-12-13T00:00:00.000000Z
UW,VLM,45.53792,-122.04033,1168.0,,,,1980-06-01T00:00:00.000000Z,
UW,VNM,46.088169,-123.451241,900.0,,,,1981-10-01T00:00:00.000000Z,1982-05-01T00:00:00.000000Z
UW,VVHS,47.42345,-122.45488,96.0,,,,2001-09-20T00:00:00.000000Z,
UW,WAT2,47.620238,-120.114436,875.1,,,,2018-11-13T00:00:00.000000Z,
UW,WATCH,46.5707,-121.98712,1462.6,Cowlitz,17080004,Upper Cowlitz,2021-10-14T00:00:00.000000Z,
UW,WCR,46.61396,-121.767754,1200.0,Cowlitz,17080004,Upper Cowlitz,1995-06-12T00:00:00.000000Z,1995-09-22T23:59:59.000000Z
UW,WEN,47.52935,-120.195351,1061.0,,,,1975-07-04T00:00:00.000000Z,1988-06-22T23:59:59.000000Z
UW,WENA,47.41098,-120.28117,245.2,,,,2021-03-01T00:00:00.000000Z,
UW,WFHS,46.64967,-122.95026,62.4,,,,2020-03-18T00:00:00.000000Z,
UW,WHGC,46.655991,-123.729866,5.4,,,,2019-02-03T00:00:00.000000Z,
UW,WI2,47.136108,-121.382309,1528.0,,,,1995-09-24T00:00:00.000000Z,1996-07-17T23:59:59.000000Z
UW,WIB,46.342831,-123.876427,503.0,,,,1993-12-08T00:00:00.000000Z,2003-08-14T00:00:00.000000Z
UW,WILA,47.46357,-122.2545,34.3,Duwamish,17110013,Duwamish,2022-01-15T00:00:00.000000Z,
UW,WINDI,47.31361,-123.33229,594.0,,,,2021-11-11T00:00:00.000000Z,
UW,WISC,47.609258,-122.175529,56.2,Lake Washington,17110012,Lake Washington,2000-07-17T00:00:00.000000Z,
UW,WISH,47.11596,-123.77143,44.0,,,,2004-04-20T00:00:00.000000Z,
UW,WNS,46.710129,-120.57618,1000.0,,,,1984-07-15T00:00:00.000000Z,1988-08-18T23:59:59.000000Z
UW,WP2,45.565392,-122.78788,338.0,,,,1988-12-05T00:00:00.000000Z,1992-10-07T23:59:59.000000Z
UW,WPEQ,46.613279,-121.404485,1807.0,Cowlitz,17080004,Upper Cowlitz,2021-04-26T00:00:00.000000Z,
UW,WPO,45.57283,-122.790527,334.0,,,,1986-10-16T00:00:00.000000Z,
UW,WPS,46.625,-121.388031,1789.0,,,,1995-06-29T00:00:00.000000Z,1995-09-29T23:59:59.000000Z
UW,WPW,46.698639,-121.537338,1280.0,Cowlitz,17080004,Upper Cowlitz,1980-03-27T00:00:00.000000Z,2017-04-19T00:00:00.000000Z
UW,WRMB,48.1749,-122.35219,58.9,Stillaguamish,17110008,Stillaguamish,2020-04-12T00:00:00.000000Z,
UW,WRW,47.85665,-120.883,1159.0,,,,1998-09-16T00:00:00.000000Z,
UW,WTP,48.471031,-120.249031,855.0,,,,1977-08-05T00:00:00.000000Z,1983-04-01T23:59:59.000000Z
UW,WTRV,47.64479,-120.07006,798.0,,,,2021-03-01T00:00:00.000000Z,
UW,WWVB,47.654209,-122.30938,30.0,Lake Washington,17110012,Lake Washington,1970-01-01T00:00:00.000000Z,2003-01-01T00:00:00.000000Z
UW,WYNO,47.43392,-123.61296,935.4,,,,2020-08-26T00:00:00.000000Z,
UW,XTL,46.929779,-121.494476,1665.0,Puyallup,17110014,Puyallup,1995-10-11T00:00:00.000000Z,1997-07-16T23:59:59.000000Z
UW,YA2,46.52652,-120.531181,652.0,,,,1994-07-22T00:00:00.000000Z,
UW,YACT,45.9325,-122.4193,214.0,,,,2005-05-10T00:00:00.000000Z,
UW,YAK,46.528679,-120.521843,629.0,,,,1979-07-01T00:00:00.000000Z,1994-07-22T23:59:59.000000Z
UW,YEL,46.209549,-122.188988,1750.0,Cowlitz,17080005,Lower Cowlitz,1981-10-01T00:00:00.000000Z,2007-09-18T00:00:00.000000Z
UW,YELM,46.94016,-122.59081,102.9,Nisqually,17110015,Nisqually,2021-11-15T00:00:00.000000Z,
