datetime,agency_cd,site_no,discharge_cfs,discharge_qual,gage_height_ft,gage_height_qual
2025-11-01 06:00:00+00:00,USGS,11507200,27.2,P,4141.46,P
2025-11-01 06:15:00+00:00,USGS,11507200,12.1,P,4141.48,P
2025-11-01 06:30:00+00:00,USGS,11507200,27.2,P,4141.47,P
2025-11-01 06:45:00+00:00,USGS,11507200,19.7,P,4141.49,P
2025-11-01 07:00:00+00:00,USGS,11507200,19.7,P,4141.51,P
2025-11-01 07:15:00+00:00,USGS,11507200,27.3,P,4141.51,P
2025-11-01 07:30:00+00:00,USGS,11507200,34.9,P,4141.48,P
2025-11-01 07:45:00+00:00,USGS,11507200,19.6,P,4141.44,P
2025-11-01 08:00:00+00:00,USGS,11507200,27.2,P,4141.44,P
2025-11-01 08:15:00+00:00,USGS,11507200,34.8,P,4141.45,P
2025-11-01 08:30:00+00:00,USGS,11507200,42.4,P,4141.47,P
2025-11-01 08:45:00+00:00,USGS,11507200,27.2,P,4141.45,P
2025-11-01 09:00:00+00:00,USGS,11507200,27.2,P,4141.46,P
2025-11-01 09:15:00+00:00,USGS,11507200,42.5,P,4141.48,P
2025-11-01 09:30:00+00:00,USGS,11507200,27.2,P,4141.45,P
2025-11-01 09:45:00+00:00,USGS,11507200,27.1,P,4141.42,P
2025-11-01 10:00:00+00:00,USGS,11507200,19.5,P,4141.4,P
2025-11-01 10:15:00+00:00,USGS,11507200,27.1,P,4141.42,P
2025-11-01 10:30:00+00:00,USGS,11507200,19.6,P,4141.45,P
2025-11-01 10:45:00+00:00,USGS,11507200,42.4,P,4141.45,P
2025-11-01 11:00:00+00:00,USGS,11507200,27.2,P,4141.47,P
2025-11-01 11:15:00+00:00,USGS,11507200,27.3,P,4141.51,P
2025-11-01 11:30:00+00:00,USGS,11507200,27.3,P,4141.49,P
2025-11-01 11:45:00+00:00,USGS,11507200,19.7,P,4141.5,P
2025-11-01 12:00:00+00:00,USGS,11507200,27.2,P,4141.46,P
2025-11-01 12:15:00+00:00,USGS,11507200,34.9,P,4141.49,P
2025-11-01 12:30:00+00:00,USGS,11507200,19.6,P,4141.47,P
2025-11-01 12:45:00+00:00,USGS,11507200,19.7,P,4141.5,P
2025-11-01 13:00:00+00:00,USGS,11507200,34.8,P,4141.45,P
2025-11-01 13:15:00+00:00,USGS,11507200,27.1,P,4141.43,P
2025-11-01 13:30:00+00:00,USGS,11507200,27.2,P,4141.46,P
2025-11-01 13:45:00+00:00,USGS,11507200,27.1,P,4141.42,P
2025-11-01 14:00:00+00:00,USGS,11507200,27.2,P,4141.44,P
2025-11-01 14:15:00+00:00,USGS,11507200,27.1,P,4141.43,P
2025-11-01 14:30:00+00:00,USGS,11507200,34.8,P,4141.46,P
2025-11-01 14:45:00+00:00,USGS,11507200,27.2,P,4141.45,P
2025-11-01 15:00:00+00:00,USGS,11507200,27.2,P,4141.44,P
2025-11-01 15:15:00+00:00,USGS,11507200,27.2,P,4141.44,P
2025-11-01 15:30:00+00:00,USGS,11507200,19.6,P,4141.42,P
2025-11-01 15:45:00+00:00,USGS,11507200,19.5,P,4141.4,P
2025-11-01 16:00:00+00:00,USGS,11507200,34.6,P,4141.39,P
2025-11-01 16:15:00+00:00,USGS,11507200,27.1,P,4141.42,P
2025-11-01 16:30:00+00:00,USGS,11507200,19.5,P,4141.4,P
2025-11-01 16:45:00+00:00,USGS,11507200,34.7,P,4141.41,P
2025-11-01 17:00:00+00:00,USGS,11507200,27.1,P,4141.39,P
2025-11-01 17:15:00+00:00,USGS,11507200,12.0,P,4141.38,P
2025-11-01 17:30:00+00:00,USGS,11507200,27.0,P,4141.38,P
2025-11-01 17:45:00+00:00,USGS,11507200,19.5,P,4141.38,P
2025-11-01 18:00:00+00:00,USGS,11507200,19.5,P,4141.41,P
2025-11-01 18:15:00+00:00,USGS,11507200,12.0,P,4141.41,P
2025-11-01 18:30:00+00:00,USGS,11507200,27.0,P,4141.37,P
2025-11-01 18:45:00+00:00,USGS,11507200,27.0,P,4141.38,P
2025-11-01 19:00:00+00:00,USGS,11507200,19.5,P,4141.39,P
2025-11-01 19:15:00+00:00,USGS,11507200,27.0,P,4141.35,P
2025-11-01 19:30:00+00:00,USGS,11507200,19.4,P,4141.31,P
2025-11-01 19:45:00+00:00,USGS,11507200,19.4,P,4141.34,P
2025-11-01 20:00:00+00:00,USGS,11507200,12.0,P,4141.39,P
2025-11-01 20:15:00+00:00,USGS,11507200,19.5,P,4141.39,P
2025-11-01 20:30:00+00:00,USGS,11507200,12.0,P,4141.42,P
2025-11-01 20:45:00+00:00,USGS,11507200,11.9,P,4141.35,P
2025-11-01 21:00:00+00:00,USGS,11507200,27.0,P,4141.35,P
2025-11-01 21:15:00+00:00,USGS,11507200,11.9,P,4141.27,P
2025-11-01 21:30:00+00:00,USGS,11507200,11.9,P,4141.29,P
2025-11-01 21:45:00+00:00,USGS,11507200,19.4,P,4141.32,P
2025-11-01 22:00:00+00:00,USGS,11507200,26.9,P,4141.29,P
2025-11-01 22:15:00+00:00,USGS,11507200,34.3,P,4141.27,P
2025-11-01 22:30:00+00:00,USGS,11507200,27.0,P,4141.34,P
2025-11-01 22:45:00+00:00,USGS,11507200,34.4,P,4141.3,P
2025-11-01 23:00:00+00:00,USGS,11507200,4.4,P,4141.34,P
2025-11-01 23:15:00+00:00,USGS,11507200,11.9,P,4141.3,P
2025-11-01 23:30:00+00:00,USGS,11507200,27.1,P,4141.39,P
2025-11-01 23:45:00+00:00,USGS,11507200,19.5,P,4141.37,P
2025-11-02 00:00:00+00:00,USGS,11507200,11.9,P,4141.35,P
2025-11-02 00:15:00+00:00,USGS,11507200,11.9,P,4141.36,P
2025-11-02 00:30:00+00:00,USGS,11507200,19.5,P,4141.4,P
2025-11-02 00:45:00+00:00,USGS,11507200,27.1,P,4141.41,P
2025-11-02 01:00:00+00:00,USGS,11507200,27.1,P,4141.43,P
2025-11-02 01:15:00+00:00,USGS,11507200,12.0,P,4141.47,P
2025-11-02 01:30:00+00:00,USGS,11507200,35.0,P,4141.55,P
2025-11-02 01:45:00+00:00,USGS,11507200,27.4,P,4141.56,P
2025-11-02 02:00:00+00:00,USGS,11507200,19.7,P,4141.53,P
2025-11-02 02:15:00+00:00,USGS,11507200,27.4,P,4141.56,P
2025-11-02 02:30:00+00:00,USGS,11507200,27.4,P,4141.54,P
2025-11-02 02:45:00+00:00,USGS,11507200,12.1,P,4141.5,P
2025-11-02 03:00:00+00:00,USGS,11507200,19.6,P,4141.45,P
2025-11-02 03:15:00+00:00,USGS,11507200,12.0,P,4141.47,P
2025-11-02 03:30:00+00:00,USGS,11507200,11.9,P,4141.37,P
2025-11-02 03:45:00+00:00,USGS,11507200,11.9,P,4141.34,P
2025-11-02 04:00:00+00:00,USGS,11507200,11.9,P,4141.34,P
2025-11-02 04:15:00+00:00,USGS,11507200,34.5,P,4141.34,P
2025-11-02 04:30:00+00:00,USGS,11507200,27.0,P,4141.37,P
2025-11-02 04:45:00+00:00,USGS,11507200,27.0,P,4141.37,P
2025-11-02 05:00:00+00:00,USGS,11507200,12.0,P,4141.4,P
2025-11-02 05:15:00+00:00,USGS,11507200,27.1,P,4141.42,P
2025-11-02 05:30:00+00:00,USGS,11507200,27.2,P,4141.46,P
2025-11-02 05:45:00+00:00,USGS,11507200,34.9,P,4141.51,P
2025-11-02 06:00:00+00:00,USGS,11507200,27.3,P,4141.49,P
2025-11-02 06:15:00+00:00,USGS,11507200,27.2,P,4141.46,P
2025-11-02 06:30:00+00:00,USGS,11507200,42.4,P,4141.47,P
2025-11-02 06:45:00+00:00,USGS,11507200,34.8,P,4141.46,P
2025-11-02 07:00:00+00:00,USGS,11507200,27.1,P,4141.43,P
2025-11-02 07:15:00+00:00,USGS,11507200,27.1,P,4141.42,P
2025-11-02 07:30:00+00:00,USGS,11507200,27.2,P,4141.46,P
2025-11-02 07:45:00+00:00,USGS,11507200,19.6,P,4141.46,P
2025-11-02 08:00:00+00:00,USGS,11507200,27.3,P,4141.49,P
2025-11-02 09:00:00+00:00,USGS,11507200,35.2,P,4141.6,P
2025-11-02 08:15:00+00:00,USGS,11507200,27.3,P,4141.5,P
2025-11-02 09:15:00+00:00,USGS,11507200,35.1,P,4141.59,P
2025-11-02 08:30:00+00:00,USGS,11507200,35.1,P,4141.57,P
2025-11-02 09:30:00+00:00,USGS,11507200,27.7,P,4141.68,P
2025-11-02 08:45:00+00:00,USGS,11507200,42.7,P,4141.57,P
2025-11-02 09:45:00+00:00,USGS,11507200,27.5,P,4141.61,P
2025-11-02 10:00:00+00:00,USGS,11507200,27.6,P,4141.65,P
2025-11-02 10:15:00+00:00,USGS,11507200,27.6,P,4141.66,P
2025-11-02 10:30:00+00:00,USGS,11507200,27.7,P,4141.69,P
2025-11-02 10:45:00+00:00,USGS,11507200,35.5,P,4141.74,P
2025-11-02 11:00:00+00:00,USGS,11507200,27.8,P,4141.76,P
2025-11-02 11:15:00+00:00,USGS,11507200,27.8,P,4141.76,P
2025-11-02 11:30:00+00:00,USGS,11507200,35.4,P,4141.7,P
2025-11-02 11:45:00+00:00,USGS,11507200,27.7,P,4141.69,P
2025-11-02 12:00:00+00:00,USGS,11507200,27.5,P,4141.6,P
2025-11-02 12:15:00+00:00,USGS,11507200,19.9,P,4141.63,P
2025-11-02 12:30:00+00:00,USGS,11507200,19.9,P,4141.65,P
2025-11-02 12:45:00+00:00,USGS,11507200,27.6,P,4141.65,P
2025-11-02 13:00:00+00:00,USGS,11507200,20.0,P,4141.68,P
2025-11-02 13:15:00+00:00,USGS,11507200,27.6,P,4141.65,P
2025-11-02 13:30:00+00:00,USGS,11507200,27.7,P,4141.68,P
2025-11-02 13:45:00+00:00,USGS,11507200,27.5,P,4141.6,P
2025-11-02 14:00:00+00:00,USGS,11507200,19.8,P,4141.58,P
2025-11-02 14:15:00+00:00,USGS,11507200,27.5,P,4141.61,P
2025-11-02 14:30:00+00:00,USGS,11507200,27.5,P,4141.58,P
2025-11-02 14:45:00+00:00,USGS,11507200,27.4,P,4141.54,P
2025-11-02 15:00:00+00:00,USGS,11507200,35.2,P,4141.6,P
2025-11-02 15:15:00+00:00,USGS,11507200,19.9,P,4141.67,P
2025-11-02 15:30:00+00:00,USGS,11507200,27.7,P,4141.71,P
2025-11-02 15:45:00+00:00,USGS,11507200,27.7,P,4141.7,P
2025-11-02 16:00:00+00:00,USGS,11507200,27.6,P,4141.65,P
2025-11-02 16:15:00+00:00,USGS,11507200,27.6,P,4141.64,P
2025-11-02 16:30:00+00:00,USGS,11507200,35.2,P,4141.61,P
2025-11-02 16:45:00+00:00,USGS,11507200,19.9,P,4141.64,P
2025-11-02 17:00:00+00:00,USGS,11507200,19.9,P,4141.64,P
2025-11-02 17:15:00+00:00,USGS,11507200,12.3,P,4141.72,P
2025-11-02 17:30:00+00:00,USGS,11507200,20.1,P,4141.8,P
2025-11-02 17:45:00+00:00,USGS,11507200,20.1,P,4141.8,P
2025-11-02 18:00:00+00:00,USGS,11507200,27.8,P,4141.75,P
2025-11-02 18:15:00+00:00,USGS,11507200,20.1,P,4141.76,P
2025-11-02 18:30:00+00:00,USGS,11507200,12.2,P,4141.66,P
2025-11-02 18:45:00+00:00,USGS,11507200,12.2,P,4141.64,P
2025-11-02 19:00:00+00:00,USGS,11507200,19.8,P,4141.61,P
2025-11-02 19:15:00+00:00,USGS,11507200,12.1,P,4141.57,P
2025-11-02 19:30:00+00:00,USGS,11507200,19.8,P,4141.6,P
2025-11-02 19:45:00+00:00,USGS,11507200,12.1,P,4141.56,P
2025-11-02 20:00:00+00:00,USGS,11507200,12.2,P,4141.59,P
2025-11-02 20:15:00+00:00,USGS,11507200,4.5,P,4141.63,P
2025-11-02 20:30:00+00:00,USGS,11507200,27.5,P,4141.61,P
2025-11-02 20:45:00+00:00,USGS,11507200,12.2,P,4141.61,P
2025-11-02 21:00:00+00:00,USGS,11507200,19.8,P,4141.58,P
2025-11-02 21:15:00+00:00,USGS,11507200,19.8,P,4141.59,P
2025-11-02 21:30:00+00:00,USGS,11507200,19.8,P,4141.55,P
2025-11-02 21:45:00+00:00,USGS,11507200,19.7,P,4141.52,P
2025-11-02 22:00:00+00:00,USGS,11507200,12.1,P,4141.55,P
2025-11-02 22:15:00+00:00,USGS,11507200,19.8,P,4141.56,P
2025-11-02 22:30:00+00:00,USGS,11507200,12.2,P,4141.59,P
2025-11-02 22:45:00+00:00,USGS,11507200,19.8,P,4141.59,P
2025-11-02 23:00:00+00:00,USGS,11507200,27.5,P,4141.59,P
2025-11-02 23:15:00+00:00,USGS,11507200,42.7,P,4141.57,P
2025-11-02 23:30:00+00:00,USGS,11507200,35.0,P,4141.55,P
2025-11-02 23:45:00+00:00,USGS,11507200,35.0,P,4141.54,P
2025-11-03 00:00:00+00:00,USGS,11507200,27.3,P,4141.52,P
2025-11-03 00:15:00+00:00,USGS,11507200,19.7,P,4141.51,P
2025-11-03 00:30:00+00:00,USGS,11507200,27.4,P,4141.54,P
2025-11-03 00:45:00+00:00,USGS,11507200,27.4,P,4141.55,P
2025-11-03 01:00:00+00:00,USGS,11507200,27.4,P,4141.53,P
2025-11-03 01:15:00+00:00,USGS,11507200,19.7,P,4141.51,P
2025-11-03 01:30:00+00:00,USGS,11507200,19.7,P,4141.52,P
2025-11-03 01:45:00+00:00,USGS,11507200,12.1,P,4141.52,P
2025-11-03 02:00:00+00:00,USGS,11507200,27.3,P,4141.51,P
2025-11-03 02:15:00+00:00,USGS,11507200,27.4,P,4141.53,P
2025-11-03 02:30:00+00:00,USGS,11507200,27.4,P,4141.54,P
2025-11-03 02:45:00+00:00,USGS,11507200,27.5,P,4141.58,P
2025-11-03 03:00:00+00:00,USGS,11507200,27.4,P,4141.56,P
2025-11-03 03:15:00+00:00,USGS,11507200,27.4,P,4141.56,P
2025-11-03 03:30:00+00:00,USGS,11507200,35.1,P,4141.58,P
2025-11-03 03:45:00+00:00,USGS,11507200,19.9,P,4141.62,P
2025-11-03 04:00:00+00:00,USGS,11507200,27.6,P,4141.64,P
2025-11-03 04:15:00+00:00,USGS,11507200,27.7,P,4141.68,P
2025-11-03 04:30:00+00:00,USGS,11507200,27.6,P,4141.66,P
2025-11-03 04:45:00+00:00,USGS,11507200,27.6,P,4141.63,P
2025-11-03 05:00:00+00:00,USGS,11507200,27.5,P,4141.62,P
2025-11-03 05:15:00+00:00,USGS,11507200,27.5,P,4141.58,P
2025-11-03 05:30:00+00:00,USGS,11507200,19.8,P,4141.55,P
2025-11-03 05:45:00+00:00,USGS,11507200,27.4,P,4141.55,P
2025-11-03 06:00:00+00:00,USGS,11507200,19.8,P,4141.57,P
2025-11-03 06:15:00+00:00,USGS,11507200,27.5,P,4141.58,P
2025-11-03 06:30:00+00:00,USGS,11507200,35.1,P,4141.58,P
2025-11-03 06:45:00+00:00,USGS,11507200,27.5,P,4141.58,P
2025-11-03 07:00:00+00:00,USGS,11507200,35.1,P,4141.56,P
2025-11-03 07:15:00+00:00,USGS,11507200,27.4,P,4141.53,P
2025-11-03 07:30:00+00:00,USGS,11507200,27.4,P,4141.56,P
2025-11-03 07:45:00+00:00,USGS,11507200,27.4,P,4141.53,P
2025-11-03 08:00:00+00:00,USGS,11507200,19.7,P,4141.52,P
2025-11-03 08:15:00+00:00,USGS,11507200,12.1,P,4141.53,P
2025-11-03 08:30:00+00:00,USGS,11507200,12.1,P,4141.54,P
2025-11-03 08:45:00+00:00,USGS,11507200,19.7,P,4141.5,P
2025-11-03 09:00:00+00:00,USGS,11507200,19.6,P,4141.47,P
2025-11-03 09:15:00+00:00,USGS,11507200,27.3,P,4141.48,P
2025-11-03 09:30:00+00:00,USGS,11507200,19.6,P,4141.47,P
2025-11-03 09:45:00+00:00,USGS,11507200,19.7,P,4141.48,P
2025-11-03 10:00:00+00:00,USGS,11507200,12.0,P,4141.47,P
2025-11-03 10:15:00+00:00,USGS,11507200,12.1,P,4141.51,P
2025-11-03 10:30:00+00:00,USGS,11507200,19.7,P,4141.49,P
2025-11-03 10:45:00+00:00,USGS,11507200,19.7,P,4141.48,P
2025-11-03 11:00:00+00:00,USGS,11507200,19.7,P,4141.48,P
2025-11-03 11:15:00+00:00,USGS,11507200,12.0,P,4141.46,P
2025-11-03 11:30:00+00:00,USGS,11507200,19.6,P,4141.46,P
2025-11-03 11:45:00+00:00,USGS,11507200,19.7,P,4141.48,P
2025-11-03 12:00:00+00:00,USGS,11507200,12.1,P,4141.49,P
2025-11-03 12:15:00+00:00,USGS,11507200,12.1,P,4141.49,P
2025-11-03 12:30:00+00:00,USGS,11507200,19.7,P,4141.48,P
2025-11-03 12:45:00+00:00,USGS,11507200,19.7,P,4141.5,P
2025-11-03 13:00:00+00:00,USGS,11507200,12.1,P,4141.48,P
2025-11-03 13:15:00+00:00,USGS,11507200,19.6,P,4141.44,P
2025-11-03 13:30:00+00:00,USGS,11507200,19.6,P,4141.46,P
2025-11-03 13:45:00+00:00,USGS,11507200,27.2,P,4141.46,P
2025-11-03 14:00:00+00:00,USGS,11507200,19.7,P,4141.48,P
2025-11-03 14:15:00+00:00,USGS,11507200,12.1,P,4141.49,P
2025-11-03 14:30:00+00:00,USGS,11507200,12.1,P,4141.51,P
2025-11-03 14:45:00+00:00,USGS,11507200,27.4,P,4141.53,P
2025-11-03 15:00:00+00:00,USGS,11507200,19.7,P,4141.53,P
2025-11-03 15:15:00+00:00,USGS,11507200,27.3,P,4141.49,P
2025-11-03 15:30:00+00:00,USGS,11507200,19.6,P,4141.46,P
2025-11-03 15:45:00+00:00,USGS,11507200,19.6,P,4141.42,P
2025-11-03 16:00:00+00:00,USGS,11507200,27.1,P,4141.41,P
2025-11-03 16:15:00+00:00,USGS,11507200,19.6,P,4141.43,P
2025-11-03 16:30:00+00:00,USGS,11507200,19.6,P,4141.45,P
2025-11-03 16:45:00+00:00,USGS,11507200,19.6,P,4141.44,P
2025-11-03 17:00:00+00:00,USGS,11507200,12.1,P,4141.52,P
2025-11-03 17:15:00+00:00,USGS,11507200,27.4,P,4141.53,P
2025-11-03 17:30:00+00:00,USGS,11507200,19.6,P,4141.45,P
2025-11-03 17:45:00+00:00,USGS,11507200,12.0,P,4141.46,P
2025-11-03 18:00:00+00:00,USGS,11507200,19.6,P,4141.43,P
2025-11-03 18:15:00+00:00,USGS,11507200,12.0,P,4141.38,P
2025-11-03 18:30:00+00:00,USGS,11507200,19.5,P,4141.36,P
2025-11-03 18:45:00+00:00,USGS,11507200,19.5,P,4141.4,P
2025-11-03 19:00:00+00:00,USGS,11507200,19.5,P,4141.39,P
2025-11-03 19:15:00+00:00,USGS,11507200,12.0,P,4141.38,P
2025-11-03 19:30:00+00:00,USGS,11507200,12.0,P,4141.38,P
2025-11-03 19:45:00+00:00,USGS,11507200,19.5,P,4141.36,P
2025-11-03 20:00:00+00:00,USGS,11507200,4.41,P,4141.36,P
2025-11-03 20:15:00+00:00,USGS,11507200,27.0,P,4141.34,P
2025-11-03 20:30:00+00:00,USGS,11507200,27.1,P,4141.41,P
2025-11-03 20:45:00+00:00,USGS,11507200,19.6,P,4141.42,P
2025-11-03 21:00:00+00:00,USGS,11507200,19.5,P,4141.36,P
2025-11-03 21:15:00+00:00,USGS,11507200,27.0,P,4141.37,P
2025-11-03 21:30:00+00:00,USGS,11507200,26.9,P,4141.32,P
2025-11-03 21:45:00+00:00,USGS,11507200,11.9,P,4141.31,P
2025-11-03 22:00:00+00:00,USGS,11507200,11.9,P,4141.32,P
2025-11-03 22:15:00+00:00,USGS,11507200,11.9,P,4141.32,P
2025-11-03 22:30:00+00:00,USGS,11507200,19.5,P,4141.35,P
2025-11-03 22:45:00+00:00,USGS,11507200,19.5,P,4141.38,P
2025-11-03 23:00:00+00:00,USGS,11507200,12.0,P,4141.47,P
2025-11-03 23:15:00+00:00,USGS,11507200,19.7,P,4141.5,P
2025-11-03 23:30:00+00:00,USGS,11507200,19.6,P,4141.44,P
2025-11-03 23:45:00+00:00,USGS,11507200,19.6,P,4141.45,P
2025-11-04 00:00:00+00:00,USGS,11507200,12.0,P,4141.43,P
2025-11-04 00:15:00+00:00,USGS,11507200,19.5,P,4141.39,P
2025-11-04 00:30:00+00:00,USGS,11507200,12.0,P,4141.41,P
2025-11-04 00:45:00+00:00,USGS,11507200,19.4,P,4141.34,P
2025-11-04 01:00:00+00:00,USGS,11507200,19.3,P,4141.28,P
2025-11-04 01:15:00+00:00,USGS,11507200,19.3,P,4141.26,P
2025-11-04 01:30:00+00:00,USGS,11507200,11.8,P,4141.26,P
2025-11-04 01:45:00+00:00,USGS,11507200,11.9,P,4141.35,P
2025-11-04 02:00:00+00:00,USGS,11507200,11.9,P,4141.33,P
2025-11-04 02:15:00+00:00,USGS,11507200,19.4,P,4141.29,P
2025-11-04 02:30:00+00:00,USGS,11507200,19.4,P,4141.33,P
2025-11-04 02:45:00+00:00,USGS,11507200,11.9,P,4141.34,P
2025-11-04 03:00:00+00:00,USGS,11507200,-3.13,P,4141.42,P
2025-11-04 03:15:00+00:00,USGS,11507200,12.0,P,4141.42,P
2025-11-04 03:30:00+00:00,USGS,11507200,12.1,P,4141.48,P
2025-11-04 03:45:00+00:00,USGS,11507200,12.0,P,4141.41,P
2025-11-04 04:00:00+00:00,USGS,11507200,12.0,P,4141.42,P
2025-11-04 04:15:00+00:00,USGS,11507200,12.0,P,4141.4,P
2025-11-04 04:30:00+00:00,USGS,11507200,11.9,P,4141.35,P
2025-11-04 04:45:00+00:00,USGS,11507200,19.5,P,4141.41,P
2025-11-04 05:00:00+00:00,USGS,11507200,19.5,P,4141.4,P
2025-11-04 05:15:00+00:00,USGS,11507200,27.1,P,4141.42,P
2025-11-04 05:30:00+00:00,USGS,11507200,19.7,P,4141.48,P
2025-11-04 05:45:00+00:00,USGS,11507200,12.0,P,4141.47,P
2025-11-04 06:00:00+00:00,USGS,11507200,12.0,P,4141.46,P
2025-11-04 06:15:00+00:00,USGS,11507200,11.9,P,4141.36,P
2025-11-04 06:30:00+00:00,USGS,11507200,11.9,P,4141.37,P
2025-11-04 06:45:00+00:00,USGS,11507200,12.0,P,4141.4,P
2025-11-04 07:00:00+00:00,USGS,11507200,12.0,P,4141.47,P
2025-11-04 07:15:00+00:00,USGS,11507200,12.0,P,4141.46,P
2025-11-04 07:30:00+00:00,USGS,11507200,12.0,P,4141.42,P
2025-11-04 07:45:00+00:00,USGS,11507200,12.0,P,4141.44,P
2025-11-04 08:00:00+00:00,USGS,11507200,19.6,P,4141.43,P
2025-11-04 08:15:00+00:00,USGS,11507200,19.6,P,4141.45,P
2025-11-04 08:30:00+00:00,USGS,11507200,12.0,P,4141.45,P
2025-11-04 08:45:00+00:00,USGS,11507200,12.0,P,4141.41,P
2025-11-04 09:00:00+00:00,USGS,11507200,12.0,P,4141.42,P
2025-11-04 09:15:00+00:00,USGS,11507200,19.6,P,4141.44,P
2025-11-04 09:30:00+00:00,USGS,11507200,12.0,P,4141.44,P
2025-11-04 09:45:00+00:00,USGS,11507200,19.5,P,4141.38,P
2025-11-04 10:00:00+00:00,USGS,11507200,12.0,P,4141.4,P
2025-11-04 10:15:00+00:00,USGS,11507200,19.5,P,4141.39,P
2025-11-04 10:30:00+00:00,USGS,11507200,12.0,P,4141.38,P
2025-11-04 10:45:00+00:00,USGS,11507200,12.0,P,4141.38,P
2025-11-04 11:00:00+00:00,USGS,11507200,4.41,P,4141.37,P
2025-11-04 11:15:00+00:00,USGS,11507200,11.9,P,4141.36,P
2025-11-04 11:30:00+00:00,USGS,11507200,4.41,P,4141.37,P
2025-11-04 11:45:00+00:00,USGS,11507200,12.0,P,4141.38,P
2025-11-04 12:00:00+00:00,USGS,11507200,12.0,P,4141.41,P
2025-11-04 12:15:00+00:00,USGS,11507200,12.0,P,4141.45,P
2025-11-04 12:30:00+00:00,USGS,11507200,12.0,P,4141.47,P
2025-11-04 12:45:00+00:00,USGS,11507200,19.6,P,4141.47,P
2025-11-04 13:00:00+00:00,USGS,11507200,12.1,P,4141.48,P
2025-11-04 13:15:00+00:00,USGS,11507200,12.0,P,4141.47,P
2025-11-04 13:30:00+00:00,USGS,11507200,19.6,P,4141.47,P
2025-11-04 13:45:00+00:00,USGS,11507200,12.0,P,4141.45,P
2025-11-04 14:00:00+00:00,USGS,11507200,12.0,P,4141.46,P
2025-11-04 14:15:00+00:00,USGS,11507200,12.0,P,4141.44,P
2025-11-04 14:30:00+00:00,USGS,11507200,12.0,P,4141.46,P
2025-11-04 14:45:00+00:00,USGS,11507200,12.0,P,4141.43,P
2025-11-04 15:00:00+00:00,USGS,11507200,12.0,P,4141.45,P
2025-11-04 15:15:00+00:00,USGS,11507200,19.6,P,4141.43,P
2025-11-04 15:30:00+00:00,USGS,11507200,12.0,P,4141.4,P
2025-11-04 15:45:00+00:00,USGS,11507200,12.0,P,4141.44,P
2025-11-04 16:00:00+00:00,USGS,11507200,19.6,P,4141.43,P
2025-11-04 16:15:00+00:00,USGS,11507200,19.6,P,4141.45,P
2025-11-04 16:30:00+00:00,USGS,11507200,27.2,P,4141.45,P
2025-11-04 16:45:00+00:00,USGS,11507200,12.0,P,4141.45,P
2025-11-04 17:00:00+00:00,USGS,11507200,19.7,P,4141.49,P
2025-11-04 17:15:00+00:00,USGS,11507200,12.0,P,4141.46,P
2025-11-04 17:30:00+00:00,USGS,11507200,12.0,P,4141.43,P
2025-11-04 17:45:00+00:00,USGS,11507200,19.6,P,4141.42,P
2025-11-04 18:00:00+00:00,USGS,11507200,19.5,P,4141.38,P
2025-11-04 18:15:00+00:00,USGS,11507200,19.5,P,4141.39,P
2025-11-04 18:30:00+00:00,USGS,11507200,12.0,P,4141.38,P
2025-11-04 18:45:00+00:00,USGS,11507200,19.4,P,4141.34,P
2025-11-04 19:00:00+00:00,USGS,11507200,11.9,P,4141.34,P
2025-11-04 19:15:00+00:00,USGS,11507200,11.9,P,4141.35,P
2025-11-04 19:30:00+00:00,USGS,11507200,11.9,P,4141.33,P
2025-11-04 19:45:00+00:00,USGS,11507200,11.9,P,4141.36,P
2025-11-04 20:00:00+00:00,USGS,11507200,12.0,P,4141.39,P
2025-11-04 20:15:00+00:00,USGS,11507200,12.0,P,4141.44,P
2025-11-04 20:30:00+00:00,USGS,11507200,12.0,P,4141.39,P
2025-11-04 20:45:00+00:00,USGS,11507200,4.42,P,4141.4,P
2025-11-04 21:00:00+00:00,USGS,11507200,11.9,P,4141.34,P
2025-11-04 21:15:00+00:00,USGS,11507200,11.9,P,4141.37,P
2025-11-04 21:30:00+00:00,USGS,11507200,19.4,P,4141.31,P
2025-11-04 21:45:00+00:00,USGS,11507200,11.9,P,4141.31,P
2025-11-04 22:00:00+00:00,USGS,11507200,19.3,P,4141.27,P
2025-11-04 22:15:00+00:00,USGS,11507200,19.3,P,4141.22,P
2025-11-04 22:30:00+00:00,USGS,11507200,11.7,P,4141.15,P
2025-11-04 22:45:00+00:00,USGS,11507200,11.7,P,4141.08,P
2025-11-04 23:00:00+00:00,USGS,11507200,11.7,P,4141.12,P
2025-11-04 23:15:00+00:00,USGS,11507200,18.9,P,4141.01,P
2025-11-04 23:30:00+00:00,USGS,11507200,26.3,P,4141.01,P
2025-11-04 23:45:00+00:00,USGS,11507200,11.7,P,4141.1,P
2025-11-05 00:00:00+00:00,USGS,11507200,26.7,P,4141.21,P
2025-11-05 00:15:00+00:00,USGS,11507200,26.7,P,4141.23,P
2025-11-05 00:30:00+00:00,USGS,11507200,26.6,P,4141.17,P
2025-11-05 00:45:00+00:00,USGS,11507200,19.2,P,4141.19,P
2025-11-05 01:00:00+00:00,USGS,11507200,11.7,P,4141.05,P
2025-11-05 01:15:00+00:00,USGS,11507200,19.0,P,4141.03,P
2025-11-05 01:30:00+00:00,USGS,11507200,26.2,P,4140.96,P
2025-11-05 01:45:00+00:00,USGS,11507200,11.6,P,4140.96,P
2025-11-05 02:00:00+00:00,USGS,11507200,26.4,P,4141.09,P
2025-11-05 02:15:00+00:00,USGS,11507200,11.6,P,4141.03,P
2025-11-05 02:30:00+00:00,USGS,11507200,19.2,P,4141.17,P
2025-11-05 02:45:00+00:00,USGS,11507200,26.4,P,4141.09,P
2025-11-05 03:00:00+00:00,USGS,11507200,19.1,P,4141.1,P
2025-11-05 03:15:00+00:00,USGS,11507200,19.2,P,4141.15,P
2025-11-05 03:30:00+00:00,USGS,11507200,11.7,P,4141.06,P
2025-11-05 03:45:00+00:00,USGS,11507200,19.0,P,4141.03,P
2025-11-05 04:00:00+00:00,USGS,11507200,11.5,P,4140.91,P
2025-11-05 04:15:00+00:00,USGS,11507200,11.4,P,4140.81,P
2025-11-05 04:30:00+00:00,USGS,11507200,11.4,P,4140.78,P
2025-11-05 04:45:00+00:00,USGS,11507200,11.3,P,4140.68,P
2025-11-05 05:00:00+00:00,USGS,11507200,18.6,P,4140.77,P
2025-11-05 05:15:00+00:00,USGS,11507200,11.3,P,4140.69,P
2025-11-05 05:30:00+00:00,USGS,11507200,18.5,P,4140.72,P
2025-11-05 05:45:00+00:00,USGS,11507200,18.6,P,4140.81,P
2025-11-05 06:00:00+00:00,USGS,11507200,25.9,P,4140.82,P
2025-11-05 06:15:00+00:00,USGS,11507200,26.0,P,4140.89,P
2025-11-05 06:30:00+00:00,USGS,11507200,18.7,P,4140.82,P
2025-11-05 06:45:00+00:00,USGS,11507200,11.5,P,4140.87,P
2025-11-05 07:00:00+00:00,USGS,11507200,11.4,P,4140.75,P
2025-11-05 07:15:00+00:00,USGS,11507200,11.1,P,4140.5,P
2025-11-05 07:30:00+00:00,USGS,11507200,11.2,P,4140.57,P
2025-11-05 07:45:00+00:00,USGS,11507200,18.2,P,4140.49,P
2025-11-05 08:00:00+00:00,USGS,11507200,18.1,P,4140.45,P
2025-11-05 08:15:00+00:00,USGS,11507200,17.9,P,4140.35,P
2025-11-05 08:30:00+00:00,USGS,11507200,11.0,P,4140.36,P
2025-11-05 08:45:00+00:00,USGS,11507200,11.0,P,4140.34,P
2025-11-05 09:00:00+00:00,USGS,11507200,10.9,P,4140.21,P
2025-11-05 09:15:00+00:00,USGS,11507200,18.0,P,4140.36,P
2025-11-05 09:30:00+00:00,USGS,11507200,11.1,P,4140.42,P
2025-11-05 09:45:00+00:00,USGS,11507200,25.3,P,4140.53,P
2025-11-05 10:00:00+00:00,USGS,11507200,11.3,P,4140.68,P
2025-11-05 10:15:00+00:00,USGS,11507200,11.4,P,4140.8,P
2025-11-05 10:30:00+00:00,USGS,11507200,11.5,P,4140.85,P
2025-11-05 10:45:00+00:00,USGS,11507200,11.6,P,4141.01,P
2025-11-05 11:00:00+00:00,USGS,11507200,11.5,P,4140.9,P
2025-11-05 11:15:00+00:00,USGS,11507200,11.5,P,4140.93,P
2025-11-05 11:30:00+00:00,USGS,11507200,11.3,P,4140.65,P
2025-11-05 11:45:00+00:00,USGS,11507200,18.3,P,4140.58,P
2025-11-05 12:00:00+00:00,USGS,11507200,11.3,P,4140.63,P
2025-11-05 12:15:00+00:00,USGS,11507200,18.4,P,4140.64,P
2025-11-05 12:30:00+00:00,USGS,11507200,11.4,P,4140.81,P
2025-11-05 12:45:00+00:00,USGS,11507200,11.5,P,4140.91,P
2025-11-05 13:00:00+00:00,USGS,11507200,11.6,P,4140.95,P
2025-11-05 13:15:00+00:00,USGS,11507200,11.7,P,4141.07,P
2025-11-05 13:30:00+00:00,USGS,11507200,4.32,P,4141.11,P
2025-11-05 13:45:00+00:00,USGS,11507200,4.35,P,4141.19,P
2025-11-05 14:00:00+00:00,USGS,11507200,11.7,P,4141.11,P
2025-11-05 14:15:00+00:00,USGS,11507200,11.7,P,4141.06,P
2025-11-05 14:30:00+00:00,USGS,11507200,4.31,P,4141.08,P
2025-11-05 14:45:00+00:00,USGS,11507200,11.4,P,4140.78,P
2025-11-05 15:00:00+00:00,USGS,11507200,11.3,P,4140.66,P
2025-11-05 15:15:00+00:00,USGS,11507200,18.4,P,4140.65,P
2025-11-05 15:30:00+00:00,USGS,11507200,18.5,P,4140.72,P
2025-11-05 15:45:00+00:00,USGS,11507200,11.4,P,4140.81,P
2025-11-05 16:00:00+00:00,USGS,11507200,18.4,P,4140.68,P
2025-11-05 16:15:00+00:00,USGS,11507200,11.4,P,4140.78,P
2025-11-05 16:30:00+00:00,USGS,11507200,11.2,P,4140.6,P
2025-11-05 16:45:00+00:00,USGS,11507200,11.2,P,4140.61,P
2025-11-05 17:00:00+00:00,USGS,11507200,11.3,P,4140.71,P
2025-11-05 17:15:00+00:00,USGS,11507200,11.7,P,4141.13,P
2025-11-05 17:30:00+00:00,USGS,11507200,19.6,P,4141.42,P
2025-11-05 17:45:00+00:00,USGS,11507200,19.9,P,4141.63,P
2025-11-05 18:00:00+00:00,USGS,11507200,4.58,P,4141.87,P
2025-11-05 18:15:00+00:00,USGS,11507200,12.3,P,4141.76,P
2025-11-05 18:30:00+00:00,USGS,11507200,4.5,P,4141.63,P
2025-11-05 18:45:00+00:00,USGS,11507200,4.45,P,4141.48,P
2025-11-05 19:00:00+00:00,USGS,11507200,4.36,P,4141.22,P
2025-11-05 19:15:00+00:00,USGS,11507200,11.6,P,4141.0,P
2025-11-05 19:30:00+00:00,USGS,11507200,-2.99,P,4140.84,P
2025-11-05 19:45:00+00:00,USGS,11507200,11.3,P,4140.72,P
2025-11-05 20:00:00+00:00,USGS,11507200,11.3,P,4140.63,P
2025-11-05 20:15:00+00:00,USGS,11507200,11.2,P,4140.57,P
2025-11-05 20:30:00+00:00,USGS,11507200,25.2,P,4140.52,P
2025-11-05 20:45:00+00:00,USGS,11507200,4.11,P,4140.48,P
2025-11-05 21:00:00+00:00,USGS,11507200,11.1,P,4140.46,P
2025-11-05 21:15:00+00:00,USGS,11507200,11.1,P,4140.43,P
2025-11-05 21:30:00+00:00,USGS,11507200,11.1,P,4140.42,P
2025-11-05 21:45:00+00:00,USGS,11507200,25.0,P,4140.41,P
2025-11-05 22:00:00+00:00,USGS,11507200,18.0,P,4140.39,P
2025-11-05 22:15:00+00:00,USGS,11507200,24.9,P,4140.38,P
2025-11-05 22:30:00+00:00,USGS,11507200,24.9,P,4140.38,P
2025-11-05 22:45:00+00:00,USGS,11507200,24.9,P,4140.37,P
2025-11-05 23:00:00+00:00,USGS,11507200,4.07,P,4140.37,P
2025-11-05 23:15:00+00:00,USGS,11507200,-2.88,P,4140.38,P
2025-11-05 23:30:00+00:00,USGS,11507200,11.0,P,4140.38,P
2025-11-05 23:45:00+00:00,USGS,11507200,-2.88,P,4140.37,P
2025-11-06 00:00:00+00:00,USGS,11507200,18.0,P,4140.37,P
2025-11-06 00:15:00+00:00,USGS,11507200,11.0,P,4140.36,P
2025-11-06 00:30:00+00:00,USGS,11507200,11.0,P,4140.36,P
2025-11-06 00:45:00+00:00,USGS,11507200,4.06,P,4140.35,P
2025-11-06 01:00:00+00:00,USGS,11507200,4.07,P,4140.36,P
2025-11-06 01:15:00+00:00,USGS,11507200,11.0,P,4140.37,P
2025-11-06 01:30:00+00:00,USGS,11507200,11.0,P,4140.37,P
2025-11-06 01:45:00+00:00,USGS,11507200,4.08,P,4140.38,P
2025-11-06 02:00:00+00:00,USGS,11507200,11.0,P,4140.38,P
2025-11-06 02:15:00+00:00,USGS,11507200,18.0,P,4140.39,P
2025-11-06 02:30:00+00:00,USGS,11507200,11.0,P,4140.39,P
2025-11-06 02:45:00+00:00,USGS,11507200,18.0,P,4140.38,P
2025-11-06 03:00:00+00:00,USGS,11507200,11.0,P,4140.37,P
2025-11-06 03:15:00+00:00,USGS,11507200,4.07,P,4140.37,P
2025-11-06 03:30:00+00:00,USGS,11507200,11.0,P,4140.36,P
2025-11-06 03:45:00+00:00,USGS,11507200,18.0,P,4140.36,P
2025-11-06 04:00:00+00:00,USGS,11507200,18.0,P,4140.37,P
2025-11-06 04:15:00+00:00,USGS,11507200,11.0,P,4140.38,P
2025-11-06 04:30:00+00:00,USGS,11507200,11.0,P,4140.39,P
2025-11-06 04:45:00+00:00,USGS,11507200,11.0,P,4140.38,P
2025-11-06 05:00:00+00:00,USGS,11507200,11.0,P,4140.38,P
2025-11-06 05:15:00+00:00,USGS,11507200,11.0,P,4140.37,P
2025-11-06 05:30:00+00:00,USGS,11507200,4.07,P,4140.37,P
2025-11-06 05:45:00+00:00,USGS,11507200,11.0,P,4140.37,P
2025-11-06 06:00:00+00:00,USGS,11507200,4.07,P,4140.37,P
2025-11-06 06:15:00+00:00,USGS,11507200,11.0,P,4140.37,P
2025-11-06 06:30:00+00:00,USGS,11507200,11.0,P,4140.37,P
2025-11-06 06:45:00+00:00,USGS,11507200,11.0,P,4140.37,P
2025-11-06 07:00:00+00:00,USGS,11507200,11.0,P,4140.36,P
2025-11-06 07:15:00+00:00,USGS,11507200,11.0,P,4140.36,P
2025-11-06 07:30:00+00:00,USGS,11507200,11.0,P,4140.36,P
2025-11-06 07:45:00+00:00,USGS,11507200,-2.88,P,4140.36,P
2025-11-06 08:00:00+00:00,USGS,11507200,11.0,P,4140.36,P
2025-11-06 08:15:00+00:00,USGS,11507200,4.07,P,4140.36,P
2025-11-06 08:30:00+00:00,USGS,11507200,11.0,P,4140.36,P
2025-11-06 08:45:00+00:00,USGS,11507200,11.0,P,4140.36,P
2025-11-06 09:00:00+00:00,USGS,11507200,11.0,P,4140.36,P
2025-11-06 09:15:00+00:00,USGS,11507200,11.0,P,4140.36,P
2025-11-06 09:30:00+00:00,USGS,11507200,18.0,P,4140.37,P
2025-11-06 09:45:00+00:00,USGS,11507200,11.0,P,4140.37,P
2025-11-06 10:00:00+00:00,USGS,11507200,11.0,P,4140.36,P
2025-11-06 10:15:00+00:00,USGS,11507200,11.0,P,4140.36,P
2025-11-06 10:30:00+00:00,USGS,11507200,11.0,P,4140.36,P
2025-11-06 10:45:00+00:00,USGS,11507200,11.0,P,4140.36,P
2025-11-06 11:00:00+00:00,USGS,11507200,11.0,P,4140.36,P
2025-11-06 11:15:00+00:00,USGS,11507200,11.0,P,4140.36,P
2025-11-06 11:30:00+00:00,USGS,11507200,4.07,P,4140.36,P
2025-11-06 11:45:00+00:00,USGS,11507200,11.0,P,4140.36,P
2025-11-06 12:00:00+00:00,USGS,11507200,11.0,P,4140.36,P
2025-11-06 12:15:00+00:00,USGS,11507200,4.07,P,4140.36,P
2025-11-06 12:30:00+00:00,USGS,11507200,11.0,P,4140.36,P
2025-11-06 12:45:00+00:00,USGS,11507200,4.06,P,4140.35,P
2025-11-06 13:00:00+00:00,USGS,11507200,11.0,P,4140.35,P
2025-11-06 13:15:00+00:00,USGS,11507200,11.0,P,4140.35,P
2025-11-06 13:30:00+00:00,USGS,11507200,11.0,P,4140.35,P
2025-11-06 13:45:00+00:00,USGS,11507200,11.0,P,4140.34,P
2025-11-06 14:00:00+00:00,USGS,11507200,11.0,P,4140.34,P
2025-11-06 14:15:00+00:00,USGS,11507200,11.0,P,4140.34,P
2025-11-06 14:30:00+00:00,USGS,11507200,11.0,P,4140.34,P
2025-11-06 14:45:00+00:00,USGS,11507200,11.0,P,4140.35,P
2025-11-06 15:00:00+00:00,USGS,11507200,11.0,P,4140.35,P
2025-11-06 15:15:00+00:00,USGS,11507200,11.0,P,4140.35,P
2025-11-06 15:30:00+00:00,USGS,11507200,11.0,P,4140.35,P
2025-11-06 15:45:00+00:00,USGS,11507200,11.0,P,4140.35,P
2025-11-06 16:00:00+00:00,USGS,11507200,11.0,P,4140.35,P
2025-11-06 16:15:00+00:00,USGS,11507200,11.0,P,4140.35,P
2025-11-06 16:30:00+00:00,USGS,11507200,-2.88,P,4140.35,P
2025-11-06 16:45:00+00:00,USGS,11507200,11.0,P,4140.35,P
2025-11-06 17:00:00+00:00,USGS,11507200,11.0,P,4140.33,P
2025-11-06 17:15:00+00:00,USGS,11507200,10.9,P,4140.19,P
2025-11-06 17:30:00+00:00,USGS,11507200,10.8,P,4140.08,P
2025-11-06 17:45:00+00:00,USGS,11507200,3.95,P,4140.0,P
2025-11-06 18:00:00+00:00,USGS,11507200,10.6,P,4139.93,P
2025-11-06 18:15:00+00:00,USGS,11507200,10.6,P,4139.88,P
2025-11-06 18:30:00+00:00,USGS,11507200,17.2,P,4139.83,P
2025-11-06 18:45:00+00:00,USGS,11507200,10.5,P,4139.8,P
2025-11-06 19:00:00+00:00,USGS,11507200,10.5,P,4139.77,P
2025-11-06 19:15:00+00:00,USGS,11507200,3.86,P,4139.75,P
2025-11-06 19:30:00+00:00,USGS,11507200,10.4,P,4139.73,P
2025-11-06 19:45:00+00:00,USGS,11507200,3.85,P,4139.72,P
2025-11-06 20:00:00+00:00,USGS,11507200,17.0,P,4139.7,P
2025-11-06 20:15:00+00:00,USGS,11507200,10.4,P,4139.7,P
2025-11-06 20:30:00+00:00,USGS,11507200,3.84,P,4139.69,P
2025-11-06 20:45:00+00:00,USGS,11507200,10.4,P,4139.68,P
2025-11-06 21:00:00+00:00,USGS,11507200,10.4,P,4139.68,P
2025-11-06 21:15:00+00:00,USGS,11507200,16.9,P,4139.68,P
2025-11-06 21:30:00+00:00,USGS,11507200,23.5,P,4139.68,P
2025-11-06 21:45:00+00:00,USGS,11507200,16.9,P,4139.68,P
2025-11-06 22:00:00+00:00,USGS,11507200,10.4,P,4139.68,P
2025-11-06 22:15:00+00:00,USGS,11507200,16.9,P,4139.68,P
2025-11-06 22:30:00+00:00,USGS,11507200,23.5,P,4139.68,P
2025-11-06 22:45:00+00:00,USGS,11507200,23.5,P,4139.68,P
2025-11-06 23:00:00+00:00,USGS,11507200,23.5,P,4139.68,P
2025-11-06 23:15:00+00:00,USGS,11507200,10.4,P,4139.68,P
2025-11-06 23:30:00+00:00,USGS,11507200,10.4,P,4139.68,P
2025-11-06 23:45:00+00:00,USGS,11507200,10.4,P,4139.68,P
2025-11-07 00:00:00+00:00,USGS,11507200,10.4,P,4139.68,P
2025-11-07 00:15:00+00:00,USGS,11507200,16.9,P,4139.68,P
2025-11-07 00:30:00+00:00,USGS,11507200,10.4,P,4139.69,P
2025-11-07 00:45:00+00:00,USGS,11507200,16.9,P,4139.69,P
2025-11-07 01:00:00+00:00,USGS,11507200,10.4,P,4139.7,P
2025-11-07 01:15:00+00:00,USGS,11507200,30.1,P,4139.7,P
2025-11-07 01:30:00+00:00,USGS,11507200,17.0,P,4139.7,P
2025-11-07 01:45:00+00:00,USGS,11507200,10.4,P,4139.7,P
2025-11-07 02:00:00+00:00,USGS,11507200,17.0,P,4139.7,P
2025-11-07 02:15:00+00:00,USGS,11507200,10.4,P,4139.69,P
2025-11-07 02:30:00+00:00,USGS,11507200,10.4,P,4139.68,P
2025-11-07 02:45:00+00:00,USGS,11507200,16.9,P,4139.67,P
2025-11-07 03:00:00+00:00,USGS,11507200,10.4,P,4139.67,P
2025-11-07 03:15:00+00:00,USGS,11507200,10.4,P,4139.66,P
2025-11-07 03:30:00+00:00,USGS,11507200,10.4,P,4139.66,P
2025-11-07 03:45:00+00:00,USGS,11507200,10.4,P,4139.66,P
2025-11-07 04:00:00+00:00,USGS,11507200,10.4,P,4139.66,P
2025-11-07 04:15:00+00:00,USGS,11507200,10.4,P,4139.66,P
2025-11-07 04:30:00+00:00,USGS,11507200,10.4,P,4139.67,P
2025-11-07 04:45:00+00:00,USGS,11507200,10.4,P,4139.67,P
2025-11-07 05:00:00+00:00,USGS,11507200,16.9,P,4139.67,P
2025-11-07 05:15:00+00:00,USGS,11507200,10.4,P,4139.67,P
2025-11-07 05:30:00+00:00,USGS,11507200,10.4,P,4139.67,P
2025-11-07 05:45:00+00:00,USGS,11507200,3.83,P,4139.67,P
2025-11-07 06:00:00+00:00,USGS,11507200,10.4,P,4139.68,P
2025-11-07 06:15:00+00:00,USGS,11507200,16.9,P,4139.68,P
2025-11-07 06:30:00+00:00,USGS,11507200,10.4,P,4139.68,P
2025-11-07 06:45:00+00:00,USGS,11507200,16.9,P,4139.69,P
2025-11-07 07:00:00+00:00,USGS,11507200,10.4,P,4139.7,P
2025-11-07 07:15:00+00:00,USGS,11507200,17.0,P,4139.7,P
2025-11-07 07:30:00+00:00,USGS,11507200,10.4,P,4139.71,P
2025-11-07 07:45:00+00:00,USGS,11507200,17.0,P,4139.71,P
2025-11-07 08:00:00+00:00,USGS,11507200,10.4,P,4139.71,P
2025-11-07 08:15:00+00:00,USGS,11507200,10.4,P,4139.72,P
2025-11-07 08:30:00+00:00,USGS,11507200,10.4,P,4139.71,P
2025-11-07 08:45:00+00:00,USGS,11507200,10.4,P,4139.72,P
2025-11-07 09:00:00+00:00,USGS,11507200,10.4,P,4139.71,P
2025-11-07 09:15:00+00:00,USGS,11507200,3.85,P,4139.71,P
2025-11-07 09:30:00+00:00,USGS,11507200,17.0,P,4139.71,P
2025-11-07 09:45:00+00:00,USGS,11507200,10.4,P,4139.71,P
2025-11-07 10:00:00+00:00,USGS,11507200,10.4,P,4139.71,P
2025-11-07 10:15:00+00:00,USGS,11507200,17.0,P,4139.71,P
2025-11-07 10:30:00+00:00,USGS,11507200,10.4,P,4139.71,P
2025-11-07 10:45:00+00:00,USGS,11507200,10.4,P,4139.71,P
2025-11-07 11:00:00+00:00,USGS,11507200,10.4,P,4139.72,P
2025-11-07 11:15:00+00:00,USGS,11507200,3.85,P,4139.72,P
2025-11-07 11:30:00+00:00,USGS,11507200,10.4,P,4139.72,P
2025-11-07 11:45:00+00:00,USGS,11507200,10.4,P,4139.72,P
2025-11-07 12:00:00+00:00,USGS,11507200,10.4,P,4139.73,P
2025-11-07 12:15:00+00:00,USGS,11507200,10.4,P,4139.73,P
2025-11-07 12:30:00+00:00,USGS,11507200,10.4,P,4139.73,P
2025-11-07 12:45:00+00:00,USGS,11507200,10.4,P,4139.74,P
2025-11-07 13:00:00+00:00,USGS,11507200,3.86,P,4139.74,P
2025-11-07 13:15:00+00:00,USGS,11507200,10.4,P,4139.74,P
2025-11-07 13:30:00+00:00,USGS,11507200,10.4,P,4139.74,P
2025-11-07 13:45:00+00:00,USGS,11507200,10.4,P,4139.74,P
2025-11-07 14:00:00+00:00,USGS,11507200,10.4,P,4139.73,P
2025-11-07 14:15:00+00:00,USGS,11507200,17.0,P,4139.73,P
2025-11-07 14:30:00+00:00,USGS,11507200,23.6,P,4139.73,P
2025-11-07 14:45:00+00:00,USGS,11507200,17.0,P,4139.73,P
2025-11-07 15:00:00+00:00,USGS,11507200,10.4,P,4139.73,P
2025-11-07 15:15:00+00:00,USGS,11507200,10.4,P,4139.72,P
2025-11-07 15:30:00+00:00,USGS,11507200,3.85,P,4139.72,P
2025-11-07 15:45:00+00:00,USGS,11507200,10.4,P,4139.72,P
2025-11-07 16:00:00+00:00,USGS,11507200,10.4,P,4139.71,P
2025-11-07 16:15:00+00:00,USGS,11507200,10.4,P,4139.71,P
2025-11-07 16:30:00+00:00,USGS,11507200,10.4,P,4139.71,P
2025-11-07 16:45:00+00:00,USGS,11507200,10.4,P,4139.72,P
2025-11-07 17:00:00+00:00,USGS,11507200,16.9,P,4139.63,P
2025-11-07 17:15:00+00:00,USGS,11507200,16.7,P,4139.54,P
2025-11-07 17:30:00+00:00,USGS,11507200,10.2,P,4139.45,P
2025-11-07 17:45:00+00:00,USGS,11507200,3.73,P,4139.37,P
2025-11-07 18:00:00+00:00,USGS,11507200,16.3,P,4139.29,P
2025-11-07 18:15:00+00:00,USGS,11507200,9.89,P,4139.15,P
2025-11-07 18:30:00+00:00,USGS,11507200,9.77,P,4139.02,P
2025-11-07 18:45:00+00:00,USGS,11507200,9.66,P,4138.9,P
2025-11-07 19:00:00+00:00,USGS,11507200,9.56,P,4138.79,P
2025-11-07 19:15:00+00:00,USGS,11507200,9.47,P,4138.69,P
2025-11-07 19:30:00+00:00,USGS,11507200,9.38,P,4138.59,P
2025-11-07 19:45:00+00:00,USGS,11507200,9.29,P,4138.5,P
2025-11-07 20:00:00+00:00,USGS,11507200,9.21,P,4138.41,P
2025-11-07 20:15:00+00:00,USGS,11507200,14.9,P,4138.32,P
2025-11-07 20:30:00+00:00,USGS,11507200,20.5,P,4138.24,P
2025-11-07 20:45:00+00:00,USGS,11507200,3.32,P,4138.17,P
2025-11-07 21:00:00+00:00,USGS,11507200,8.92,P,4138.1,P
2025-11-07 21:15:00+00:00,USGS,11507200,8.87,P,4138.04,P
2025-11-07 21:30:00+00:00,USGS,11507200,8.8,P,4137.97,P
2025-11-07 21:45:00+00:00,USGS,11507200,8.75,P,4137.91,P
2025-11-07 22:00:00+00:00,USGS,11507200,14.2,P,4137.86,P
2025-11-07 22:15:00+00:00,USGS,11507200,14.1,P,4137.81,P
2025-11-07 22:30:00+00:00,USGS,11507200,14.0,P,4137.76,P
2025-11-07 22:45:00+00:00,USGS,11507200,14.0,P,4137.71,P
2025-11-07 23:00:00+00:00,USGS,11507200,19.3,P,4137.66,P
2025-11-07 23:15:00+00:00,USGS,11507200,19.2,P,4137.62,P
2025-11-07 23:30:00+00:00,USGS,11507200,13.8,P,4137.58,P
2025-11-07 23:45:00+00:00,USGS,11507200,8.4,P,4137.54,P
2025-11-08 00:00:00+00:00,USGS,11507200,13.7,P,4137.51,P
2025-11-08 00:15:00+00:00,USGS,11507200,13.6,P,4137.47,P
2025-11-08 00:30:00+00:00,USGS,11507200,13.6,P,4137.44,P
2025-11-08 00:45:00+00:00,USGS,11507200,13.5,P,4137.41,P
2025-11-08 01:00:00+00:00,USGS,11507200,18.7,P,4137.38,P
2025-11-08 01:15:00+00:00,USGS,11507200,18.6,P,4137.35,P
2025-11-08 01:30:00+00:00,USGS,11507200,18.6,P,4137.33,P
2025-11-08 01:45:00+00:00,USGS,11507200,23.7,P,4137.3,P
2025-11-08 02:00:00+00:00,USGS,11507200,28.8,P,4137.29,P
2025-11-08 02:15:00+00:00,USGS,11507200,18.4,P,4137.26,P
2025-11-08 02:30:00+00:00,USGS,11507200,23.5,P,4137.24,P
2025-11-08 02:45:00+00:00,USGS,11507200,28.6,P,4137.22,P
2025-11-08 03:00:00+00:00,USGS,11507200,18.3,P,4137.2,P
2025-11-08 03:15:00+00:00,USGS,11507200,18.2,P,4137.18,P
2025-11-08 03:30:00+00:00,USGS,11507200,13.1,P,4137.15,P
2025-11-08 03:45:00+00:00,USGS,11507200,18.2,P,4137.14,P
2025-11-08 04:00:00+00:00,USGS,11507200,18.1,P,4137.12,P
2025-11-08 04:15:00+00:00,USGS,11507200,18.1,P,4137.1,P
2025-11-08 04:30:00+00:00,USGS,11507200,13.0,P,4137.09,P
2025-11-08 04:45:00+00:00,USGS,11507200,18.0,P,4137.08,P
2025-11-08 05:00:00+00:00,USGS,11507200,13.0,P,4137.07,P
2025-11-08 05:15:00+00:00,USGS,11507200,13.0,P,4137.06,P
2025-11-08 05:30:00+00:00,USGS,11507200,7.94,P,4137.04,P
2025-11-08 05:45:00+00:00,USGS,11507200,12.9,P,4137.03,P
2025-11-08 06:00:00+00:00,USGS,11507200,17.9,P,4137.02,P
2025-11-08 06:15:00+00:00,USGS,11507200,17.9,P,4137.0,P
2025-11-08 06:30:00+00:00,USGS,11507200,17.9,P,4136.99,P
2025-11-08 06:45:00+00:00,USGS,11507200,17.8,P,4136.98,P
2025-11-08 07:00:00+00:00,USGS,11507200,17.8,P,4136.97,P
2025-11-08 07:15:00+00:00,USGS,11507200,12.8,P,4136.96,P
2025-11-08 07:30:00+00:00,USGS,11507200,17.8,P,4136.95,P
2025-11-08 07:45:00+00:00,USGS,11507200,17.7,P,4136.94,P
2025-11-08 08:00:00+00:00,USGS,11507200,17.7,P,4136.93,P
2025-11-08 08:15:00+00:00,USGS,11507200,17.7,P,4136.92,P
2025-11-08 08:30:00+00:00,USGS,11507200,17.7,P,4136.91,P
2025-11-08 08:45:00+00:00,USGS,11507200,17.7,P,4136.9,P
2025-11-08 09:00:00+00:00,USGS,11507200,7.8,P,4136.89,P
2025-11-08 09:15:00+00:00,USGS,11507200,22.5,P,4136.88,P
2025-11-08 09:30:00+00:00,USGS,11507200,22.5,P,4136.88,P
2025-11-08 09:45:00+00:00,USGS,11507200,7.78,P,4136.87,P
2025-11-08 10:00:00+00:00,USGS,11507200,7.77,P,4136.86,P
2025-11-08 10:15:00+00:00,USGS,11507200,12.7,P,4136.85,P
2025-11-08 10:30:00+00:00,USGS,11507200,12.7,P,4136.85,P
2025-11-08 10:45:00+00:00,USGS,11507200,7.76,P,4136.84,P
2025-11-08 11:00:00+00:00,USGS,11507200,7.76,P,4136.84,P
2025-11-08 11:15:00+00:00,USGS,11507200,12.6,P,4136.83,P
2025-11-08 11:30:00+00:00,USGS,11507200,12.6,P,4136.83,P
2025-11-08 11:45:00+00:00,USGS,11507200,7.74,P,4136.82,P
2025-11-08 12:00:00+00:00,USGS,11507200,12.6,P,4136.82,P
2025-11-08 12:15:00+00:00,USGS,11507200,2.85,P,4136.81,P
2025-11-08 12:30:00+00:00,USGS,11507200,22.3,P,4136.81,P
2025-11-08 12:45:00+00:00,USGS,11507200,12.6,P,4136.8,P
2025-11-08 13:00:00+00:00,USGS,11507200,7.72,P,4136.8,P
2025-11-08 13:15:00+00:00,USGS,11507200,7.71,P,4136.79,P
2025-11-08 13:30:00+00:00,USGS,11507200,12.6,P,4136.79,P
2025-11-08 13:45:00+00:00,USGS,11507200,7.71,P,4136.79,P
2025-11-08 14:00:00+00:00,USGS,11507200,17.4,P,4136.78,P
2025-11-08 14:15:00+00:00,USGS,11507200,12.6,P,4136.78,P
2025-11-08 14:30:00+00:00,USGS,11507200,12.6,P,4136.78,P
2025-11-08 14:45:00+00:00,USGS,11507200,12.5,P,4136.77,P
2025-11-08 15:00:00+00:00,USGS,11507200,12.5,P,4136.77,P
2025-11-08 15:15:00+00:00,USGS,11507200,17.4,P,4136.76,P
2025-11-08 15:45:00+00:00,USGS,11507200,,,4136.76,P
2025-11-08 16:00:00+00:00,USGS,11507200,,,4136.75,P
2025-11-08 16:15:00+00:00,USGS,11507200,,,4136.75,P
2025-11-08 16:30:00+00:00,USGS,11507200,27.0,P,4136.75,P
2025-11-08 16:45:00+00:00,USGS,11507200,31.9,P,4136.75,P
2025-11-08 17:00:00+00:00,USGS,11507200,27.0,P,4136.75,P
2025-11-08 17:15:00+00:00,USGS,11507200,17.3,P,4136.75,P
2025-11-08 17:30:00+00:00,USGS,11507200,17.3,P,4136.75,P
2025-11-08 17:45:00+00:00,USGS,11507200,27.0,P,4136.75,P
2025-11-08 18:00:00+00:00,USGS,11507200,22.2,P,4136.75,P
2025-11-08 18:15:00+00:00,USGS,11507200,7.66,P,4136.74,P
2025-11-08 18:30:00+00:00,USGS,11507200,27.0,P,4136.74,P
2025-11-08 18:45:00+00:00,USGS,11507200,22.2,P,4136.74,P
2025-11-08 19:00:00+00:00,USGS,11507200,27.0,P,4136.74,P
2025-11-08 19:15:00+00:00,USGS,11507200,27.0,P,4136.74,P
2025-11-08 19:30:00+00:00,USGS,11507200,7.66,P,4136.74,P
2025-11-08 19:45:00+00:00,USGS,11507200,7.66,P,4136.74,P
2025-11-08 20:00:00+00:00,USGS,11507200,17.3,P,4136.74,P
2025-11-08 20:15:00+00:00,USGS,11507200,7.65,P,4136.73,P
2025-11-08 20:30:00+00:00,USGS,11507200,-2.0,P,4136.73,P
2025-11-08 20:45:00+00:00,USGS,11507200,7.65,P,4136.73,P
2025-11-08 21:00:00+00:00,USGS,11507200,12.5,P,4136.73,P
2025-11-08 21:15:00+00:00,USGS,11507200,27.0,P,4136.73,P
2025-11-08 21:30:00+00:00,USGS,11507200,22.1,P,4136.73,P
2025-11-08 21:45:00+00:00,USGS,11507200,31.8,P,4136.73,P
2025-11-08 22:00:00+00:00,USGS,11507200,27.0,P,4136.73,P
2025-11-08 22:15:00+00:00,USGS,11507200,27.0,P,4136.73,P
2025-11-08 22:30:00+00:00,USGS,11507200,22.1,P,4136.73,P
2025-11-08 22:45:00+00:00,USGS,11507200,22.1,P,4136.73,P
2025-11-08 23:00:00+00:00,USGS,11507200,17.3,P,4136.73,P
2025-11-08 23:15:00+00:00,USGS,11507200,46.3,P,4136.73,P
2025-11-08 23:30:00+00:00,USGS,11507200,51.1,P,4136.73,P
2025-11-08 23:45:00+00:00,USGS,11507200,46.3,P,4136.73,P
2025-11-09 00:00:00+00:00,USGS,11507200,46.2,P,4136.72,P
2025-11-09 00:15:00+00:00,USGS,11507200,41.4,P,4136.73,P
2025-11-09 00:30:00+00:00,USGS,11507200,31.7,P,4136.72,P
2025-11-09 00:45:00+00:00,USGS,11507200,31.7,P,4136.72,P
2025-11-09 01:00:00+00:00,USGS,11507200,36.6,P,4136.72,P
2025-11-09 01:15:00+00:00,USGS,11507200,31.7,P,4136.72,P
2025-11-09 01:30:00+00:00,USGS,11507200,31.7,P,4136.72,P
2025-11-09 01:45:00+00:00,USGS,11507200,26.9,P,4136.72,P
2025-11-09 02:00:00+00:00,USGS,11507200,26.9,P,4136.72,P
2025-11-09 02:15:00+00:00,USGS,11507200,22.1,P,4136.71,P
2025-11-09 02:30:00+00:00,USGS,11507200,26.9,P,4136.72,P
2025-11-09 02:45:00+00:00,USGS,11507200,26.9,P,4136.71,P
2025-11-09 03:00:00+00:00,USGS,11507200,17.3,P,4136.71,P
2025-11-09 03:15:00+00:00,USGS,11507200,12.5,P,4136.72,P
2025-11-09 03:30:00+00:00,USGS,11507200,26.9,P,4136.71,P
2025-11-09 03:45:00+00:00,USGS,11507200,22.1,P,4136.71,P
2025-11-09 04:00:00+00:00,USGS,11507200,26.9,P,4136.71,P
2025-11-09 04:15:00+00:00,USGS,11507200,17.3,P,4136.71,P
2025-11-09 04:30:00+00:00,USGS,11507200,31.7,P,4136.72,P
2025-11-09 04:45:00+00:00,USGS,11507200,17.3,P,4136.72,P
2025-11-09 05:00:00+00:00,USGS,11507200,17.3,P,4136.72,P
2025-11-09 05:15:00+00:00,USGS,11507200,26.9,P,4136.72,P
2025-11-09 05:30:00+00:00,USGS,11507200,26.9,P,4136.72,P
2025-11-09 05:45:00+00:00,USGS,11507200,26.9,P,4136.72,P
2025-11-09 06:00:00+00:00,USGS,11507200,26.9,P,4136.72,P
2025-11-09 06:15:00+00:00,USGS,11507200,22.1,P,4136.72,P
2025-11-09 06:30:00+00:00,USGS,11507200,17.3,P,4136.72,P
2025-11-09 06:45:00+00:00,USGS,11507200,22.1,P,4136.72,P
2025-11-09 07:00:00+00:00,USGS,11507200,22.1,P,4136.72,P
2025-11-09 07:15:00+00:00,USGS,11507200,17.3,P,4136.72,P
2025-11-09 07:30:00+00:00,USGS,11507200,17.3,P,4136.72,P
2025-11-09 07:45:00+00:00,USGS,11507200,17.3,P,4136.72,P
2025-11-09 08:00:00+00:00,USGS,11507200,26.9,P,4136.72,P
2025-11-09 08:15:00+00:00,USGS,11507200,26.9,P,4136.72,P
2025-11-09 08:30:00+00:00,USGS,11507200,22.1,P,4136.72,P
2025-11-09 08:45:00+00:00,USGS,11507200,7.64,P,4136.72,P
2025-11-09 09:00:00+00:00,USGS,11507200,12.5,P,4136.72,P
2025-11-09 09:15:00+00:00,USGS,11507200,17.3,P,4136.72,P
2025-11-09 09:30:00+00:00,USGS,11507200,17.3,P,4136.72,P
2025-11-09 09:45:00+00:00,USGS,11507200,12.5,P,4136.72,P
2025-11-09 10:00:00+00:00,USGS,11507200,17.3,P,4136.72,P
2025-11-09 10:15:00+00:00,USGS,11507200,26.9,P,4136.72,P
2025-11-09 10:30:00+00:00,USGS,11507200,17.3,P,4136.72,P
2025-11-09 10:45:00+00:00,USGS,11507200,22.1,P,4136.72,P
2025-11-09 11:00:00+00:00,USGS,11507200,17.3,P,4136.72,P
2025-11-09 11:15:00+00:00,USGS,11507200,22.1,P,4136.72,P
2025-11-09 11:30:00+00:00,USGS,11507200,17.3,P,4136.72,P
2025-11-09 11:45:00+00:00,USGS,11507200,12.5,P,4136.72,P
2025-11-09 12:00:00+00:00,USGS,11507200,22.1,P,4136.72,P
2025-11-09 12:15:00+00:00,USGS,11507200,12.5,P,4136.72,P
2025-11-09 12:30:00+00:00,USGS,11507200,17.3,P,4136.72,P
2025-11-09 12:45:00+00:00,USGS,11507200,12.5,P,4136.72,P
2025-11-09 13:00:00+00:00,USGS,11507200,7.64,P,4136.72,P
2025-11-09 13:15:00+00:00,USGS,11507200,17.3,P,4136.72,P
2025-11-09 13:30:00+00:00,USGS,11507200,17.3,P,4136.72,P
2025-11-09 13:45:00+00:00,USGS,11507200,12.5,P,4136.72,P
2025-11-09 14:00:00+00:00,USGS,11507200,22.1,P,4136.72,P
2025-11-09 14:15:00+00:00,USGS,11507200,12.5,P,4136.72,P
2025-11-09 14:30:00+00:00,USGS,11507200,7.64,P,4136.72,P
2025-11-09 14:45:00+00:00,USGS,11507200,12.5,P,4136.72,P
2025-11-09 15:00:00+00:00,USGS,11507200,17.3,P,4136.72,P
2025-11-09 15:15:00+00:00,USGS,11507200,22.1,P,4136.72,P
2025-11-09 15:30:00+00:00,USGS,11507200,17.3,P,4136.72,P
2025-11-09 15:45:00+00:00,USGS,11507200,17.3,P,4136.72,P
2025-11-09 16:00:00+00:00,USGS,11507200,17.3,P,4136.72,P
2025-11-09 16:15:00+00:00,USGS,11507200,26.9,P,4136.72,P
2025-11-09 16:30:00+00:00,USGS,11507200,26.9,P,4136.72,P
2025-11-09 16:45:00+00:00,USGS,11507200,22.1,P,4136.72,P
2025-11-09 17:00:00+00:00,USGS,11507200,26.9,P,4136.72,P
2025-11-09 17:15:00+00:00,USGS,11507200,22.1,P,4136.72,P
2025-11-09 17:30:00+00:00,USGS,11507200,17.3,P,4136.72,P
2025-11-09 17:45:00+00:00,USGS,11507200,26.9,P,4136.72,P
2025-11-09 18:00:00+00:00,USGS,11507200,22.1,P,4136.72,P
2025-11-09 18:15:00+00:00,USGS,11507200,22.1,P,4136.71,P
2025-11-09 18:30:00+00:00,USGS,11507200,26.9,P,4136.71,P
2025-11-09 18:45:00+00:00,USGS,11507200,22.1,P,4136.71,P
2025-11-09 19:00:00+00:00,USGS,11507200,17.3,P,4136.71,P
2025-11-09 19:15:00+00:00,USGS,11507200,17.3,P,4136.71,P
2025-11-09 19:30:00+00:00,USGS,11507200,17.3,P,4136.71,P
2025-11-09 19:45:00+00:00,USGS,11507200,12.4,P,4136.71,P
2025-11-09 20:00:00+00:00,USGS,11507200,17.3,P,4136.71,P
2025-11-09 20:15:00+00:00,USGS,11507200,17.3,P,4136.71,P
2025-11-09 20:30:00+00:00,USGS,11507200,17.2,P,4136.7,P
2025-11-09 20:45:00+00:00,USGS,11507200,12.4,P,4136.7,P
2025-11-09 21:00:00+00:00,USGS,11507200,17.2,P,4136.7,P
2025-11-09 21:15:00+00:00,USGS,11507200,31.7,P,4136.7,P
2025-11-09 21:30:00+00:00,USGS,11507200,22.1,P,4136.7,P
2025-11-09 21:45:00+00:00,USGS,11507200,31.7,P,4136.7,P
2025-11-09 22:00:00+00:00,USGS,11507200,31.7,P,4136.7,P
2025-11-09 22:15:00+00:00,USGS,11507200,41.3,P,4136.7,P
2025-11-09 22:30:00+00:00,USGS,11507200,31.7,P,4136.7,P
2025-11-09 22:45:00+00:00,USGS,11507200,12.4,P,4136.7,P
2025-11-09 23:00:00+00:00,USGS,11507200,26.9,P,4136.7,P
2025-11-09 23:15:00+00:00,USGS,11507200,41.3,P,4136.7,P
2025-11-09 23:30:00+00:00,USGS,11507200,22.1,P,4136.7,P
2025-11-09 23:45:00+00:00,USGS,11507200,26.9,P,4136.7,P
2025-11-10 00:00:00+00:00,USGS,11507200,31.6,P,4136.69,P
2025-11-10 00:15:00+00:00,USGS,11507200,17.2,P,4136.69,P
2025-11-10 00:30:00+00:00,USGS,11507200,22.0,P,4136.69,P
2025-11-10 00:45:00+00:00,USGS,11507200,22.0,P,4136.69,P
2025-11-10 01:00:00+00:00,USGS,11507200,22.0,P,4136.69,P
2025-11-10 01:15:00+00:00,USGS,11507200,17.2,P,4136.69,P
2025-11-10 01:30:00+00:00,USGS,11507200,17.2,P,4136.69,P
2025-11-10 01:45:00+00:00,USGS,11507200,17.2,P,4136.69,P
2025-11-10 02:00:00+00:00,USGS,11507200,17.2,P,4136.69,P
2025-11-10 02:15:00+00:00,USGS,11507200,22.0,P,4136.69,P
2025-11-10 02:30:00+00:00,USGS,11507200,31.6,P,4136.69,P
2025-11-10 02:45:00+00:00,USGS,11507200,17.2,P,4136.69,P
2025-11-10 03:00:00+00:00,USGS,11507200,17.2,P,4136.69,P
2025-11-10 03:15:00+00:00,USGS,11507200,22.0,P,4136.69,P
2025-11-10 03:30:00+00:00,USGS,11507200,17.2,P,4136.69,P
2025-11-10 03:45:00+00:00,USGS,11507200,17.2,P,4136.69,P
2025-11-10 04:00:00+00:00,USGS,11507200,7.62,P,4136.69,P
2025-11-10 04:15:00+00:00,USGS,11507200,7.62,P,4136.69,P
2025-11-10 04:30:00+00:00,USGS,11507200,17.2,P,4136.69,P
2025-11-10 04:45:00+00:00,USGS,11507200,17.2,P,4136.69,P
2025-11-10 05:00:00+00:00,USGS,11507200,22.0,P,4136.69,P
2025-11-10 05:15:00+00:00,USGS,11507200,22.0,P,4136.69,P
2025-11-10 05:30:00+00:00,USGS,11507200,26.9,P,4136.7,P
2025-11-10 05:45:00+00:00,USGS,11507200,17.2,P,4136.7,P
2025-11-10 06:00:00+00:00,USGS,11507200,26.9,P,4136.7,P
2025-11-10 06:15:00+00:00,USGS,11507200,17.2,P,4136.7,P
2025-11-10 06:30:00+00:00,USGS,11507200,7.62,P,4136.69,P
2025-11-10 06:45:00+00:00,USGS,11507200,7.62,P,4136.69,P
2025-11-10 07:00:00+00:00,USGS,11507200,12.4,P,4136.69,P
2025-11-10 07:15:00+00:00,USGS,11507200,17.2,P,4136.69,P
2025-11-10 07:30:00+00:00,USGS,11507200,17.2,P,4136.69,P
2025-11-10 07:45:00+00:00,USGS,11507200,17.2,P,4136.69,P
2025-11-10 08:00:00+00:00,USGS,11507200,7.62,P,4136.69,P
2025-11-10 08:15:00+00:00,USGS,11507200,12.4,P,4136.69,P
2025-11-10 08:30:00+00:00,USGS,11507200,17.2,P,4136.69,P
2025-11-10 08:45:00+00:00,USGS,11507200,17.2,P,4136.69,P
2025-11-10 09:00:00+00:00,USGS,11507200,17.2,P,4136.69,P
2025-11-10 09:15:00+00:00,USGS,11507200,2.81,P,4136.69,P
2025-11-10 09:30:00+00:00,USGS,11507200,7.62,P,4136.69,P
2025-11-10 09:45:00+00:00,USGS,11507200,12.4,P,4136.69,P
2025-11-10 10:00:00+00:00,USGS,11507200,22.0,P,4136.69,P
2025-11-10 10:15:00+00:00,USGS,11507200,12.4,P,4136.69,P
2025-11-10 10:30:00+00:00,USGS,11507200,-1.99,P,4136.69,P
2025-11-10 10:45:00+00:00,USGS,11507200,2.81,P,4136.69,P
2025-11-10 11:00:00+00:00,USGS,11507200,17.2,P,4136.69,P
2025-11-10 11:15:00+00:00,USGS,11507200,7.62,P,4136.69,P
2025-11-10 11:30:00+00:00,USGS,11507200,7.62,P,4136.69,P
2025-11-10 11:45:00+00:00,USGS,11507200,17.2,P,4136.69,P
2025-11-10 12:00:00+00:00,USGS,11507200,7.62,P,4136.69,P
2025-11-10 12:15:00+00:00,USGS,11507200,7.62,P,4136.69,P
2025-11-10 12:30:00+00:00,USGS,11507200,12.4,P,4136.69,P
2025-11-10 12:45:00+00:00,USGS,11507200,12.4,P,4136.69,P
2025-11-10 13:00:00+00:00,USGS,11507200,-1.99,P,4136.69,P
2025-11-10 13:15:00+00:00,USGS,11507200,7.62,P,4136.69,P
2025-11-10 13:30:00+00:00,USGS,11507200,7.62,P,4136.69,P
2025-11-10 13:45:00+00:00,USGS,11507200,17.2,P,4136.68,P
2025-11-10 14:00:00+00:00,USGS,11507200,17.2,P,4136.68,P
2025-11-10 14:15:00+00:00,USGS,11507200,2.81,P,4136.68,P
2025-11-10 14:30:00+00:00,USGS,11507200,17.2,P,4136.68,P
2025-11-10 14:45:00+00:00,USGS,11507200,12.4,P,4136.68,P
2025-11-10 15:00:00+00:00,USGS,11507200,12.4,P,4136.68,P
2025-11-10 15:15:00+00:00,USGS,11507200,7.61,P,4136.68,P
2025-11-10 15:30:00+00:00,USGS,11507200,12.4,P,4136.68,P
2025-11-10 15:45:00+00:00,USGS,11507200,12.4,P,4136.68,P
2025-11-10 16:00:00+00:00,USGS,11507200,17.2,P,4136.68,P
2025-11-10 16:15:00+00:00,USGS,11507200,12.4,P,4136.68,P
2025-11-10 16:30:00+00:00,USGS,11507200,17.2,P,4136.68,P
2025-11-10 16:45:00+00:00,USGS,11507200,17.2,P,4136.68,P
2025-11-10 17:00:00+00:00,USGS,11507200,21.9,P,4136.65,P
2025-11-10 17:15:00+00:00,USGS,11507200,26.6,P,4136.61,P
2025-11-10 17:30:00+00:00,USGS,11507200,17.0,P,4136.56,P
2025-11-10 17:45:00+00:00,USGS,11507200,21.6,P,4136.52,P
2025-11-10 18:00:00+00:00,USGS,11507200,16.8,P,4136.48,P
2025-11-10 18:15:00+00:00,USGS,11507200,,P,4136.44,P
2025-11-10 18:30:00+00:00,USGS,11507200,,P,4136.41,P
2025-11-10 18:45:00+00:00,USGS,11507200,,P,4136.38,P
2025-11-10 19:00:00+00:00,USGS,11507200,,P,4136.34,P
2025-11-10 19:15:00+00:00,USGS,11507200,,P,4136.31,P
2025-11-10 19:30:00+00:00,USGS,11507200,,P,4136.29,P
2025-11-10 19:45:00+00:00,USGS,11507200,,P,4136.26,P
2025-11-10 20:00:00+00:00,USGS,11507200,,P,4136.24,P
2025-11-10 20:15:00+00:00,USGS,11507200,,P,4136.21,P
2025-11-10 20:30:00+00:00,USGS,11507200,,P,4136.19,P
2025-11-10 20:45:00+00:00,USGS,11507200,,P,4136.17,P
2025-11-10 21:00:00+00:00,USGS,11507200,,P,4136.15,P
2025-11-10 21:15:00+00:00,USGS,11507200,,P,4136.13,P
2025-11-10 21:30:00+00:00,USGS,11507200,,P,4136.11,P
2025-11-10 21:45:00+00:00,USGS,11507200,,P,4136.1,P
2025-11-10 22:00:00+00:00,USGS,11507200,,P,4136.08,P
2025-11-10 22:15:00+00:00,USGS,11507200,,P,4136.04,P
2025-11-10 22:30:00+00:00,USGS,11507200,,P,4136.0,P
2025-11-10 22:45:00+00:00,USGS,11507200,,P,4135.97,P
2025-11-10 23:00:00+00:00,USGS,11507200,,P,4135.94,P
2025-11-10 23:15:00+00:00,USGS,11507200,,P,4135.91,P
2025-11-10 23:30:00+00:00,USGS,11507200,,P,4135.88,P
2025-11-10 23:45:00+00:00,USGS,11507200,,P,4135.85,P
2025-11-11 00:00:00+00:00,USGS,11507200,,P,4135.82,P
2025-11-11 00:15:00+00:00,USGS,11507200,,P,4135.8,P
2025-11-11 00:30:00+00:00,USGS,11507200,,P,4135.77,P
2025-11-11 00:45:00+00:00,USGS,11507200,,P,4135.75,P
2025-11-11 01:00:00+00:00,USGS,11507200,,P,4135.73,P
2025-11-11 01:15:00+00:00,USGS,11507200,,P,4135.71,P
2025-11-11 01:30:00+00:00,USGS,11507200,,P,4135.69,P
2025-11-11 01:45:00+00:00,USGS,11507200,,P,4135.67,P
2025-11-11 02:00:00+00:00,USGS,11507200,,P,4135.65,P
2025-11-11 02:15:00+00:00,USGS,11507200,,P,4135.63,P
2025-11-11 02:30:00+00:00,USGS,11507200,,P,4135.62,P
2025-11-11 02:45:00+00:00,USGS,11507200,,P,4135.6,P
2025-11-11 03:00:00+00:00,USGS,11507200,,P,4135.59,P
2025-11-11 03:15:00+00:00,USGS,11507200,,P,4135.58,P
2025-11-11 03:30:00+00:00,USGS,11507200,,P,4135.56,P
2025-11-11 03:45:00+00:00,USGS,11507200,,P,4135.55,P
2025-11-11 04:00:00+00:00,USGS,11507200,,P,4135.53,P
2025-11-11 04:15:00+00:00,USGS,11507200,,P,4135.52,P
2025-11-11 04:30:00+00:00,USGS,11507200,,P,4135.51,P
2025-11-11 04:45:00+00:00,USGS,11507200,,P,4135.49,P
2025-11-11 05:00:00+00:00,USGS,11507200,,P,4135.48,P
2025-11-11 05:15:00+00:00,USGS,11507200,,P,4135.46,P
2025-11-11 05:30:00+00:00,USGS,11507200,,P,4135.45,P
2025-11-11 05:45:00+00:00,USGS,11507200,,P,4135.44,P
2025-11-11 06:00:00+00:00,USGS,11507200,,P,4135.43,P
2025-11-11 06:15:00+00:00,USGS,11507200,,P,4135.42,P
2025-11-11 06:30:00+00:00,USGS,11507200,,P,4135.41,P
2025-11-11 06:45:00+00:00,USGS,11507200,,P,4135.4,P
2025-11-11 07:00:00+00:00,USGS,11507200,,P,4135.39,P
2025-11-11 07:15:00+00:00,USGS,11507200,,P,4135.38,P
2025-11-11 07:30:00+00:00,USGS,11507200,,P,4135.37,P
2025-11-11 07:45:00+00:00,USGS,11507200,,P,4135.36,P
2025-11-11 08:00:00+00:00,USGS,11507200,,P,4135.35,P
2025-11-11 08:15:00+00:00,USGS,11507200,,P,4135.34,P
2025-11-11 08:30:00+00:00,USGS,11507200,,P,4135.33,P
2025-11-11 08:45:00+00:00,USGS,11507200,,P,4135.32,P
2025-11-11 09:00:00+00:00,USGS,11507200,,P,4135.31,P
2025-11-11 09:15:00+00:00,USGS,11507200,,P,4135.3,P
2025-11-11 09:30:00+00:00,USGS,11507200,,P,4135.3,P
2025-11-11 09:45:00+00:00,USGS,11507200,,P,4135.29,P
2025-11-11 10:00:00+00:00,USGS,11507200,,P,4135.28,P
2025-11-11 10:15:00+00:00,USGS,11507200,,P,4135.28,P
2025-11-11 10:30:00+00:00,USGS,11507200,,P,4135.27,P
2025-11-11 10:45:00+00:00,USGS,11507200,,P,4135.26,P
2025-11-11 11:00:00+00:00,USGS,11507200,,P,4135.26,P
2025-11-11 11:15:00+00:00,USGS,11507200,,P,4135.25,P
2025-11-11 11:30:00+00:00,USGS,11507200,,P,4135.24,P
2025-11-11 11:45:00+00:00,USGS,11507200,,P,4135.24,P
2025-11-11 12:00:00+00:00,USGS,11507200,,P,4135.23,P
2025-11-11 12:15:00+00:00,USGS,11507200,,P,4135.23,P
2025-11-11 12:30:00+00:00,USGS,11507200,,P,4135.22,P
2025-11-11 12:45:00+00:00,USGS,11507200,,P,4135.22,P
2025-11-11 13:00:00+00:00,USGS,11507200,,P,4135.21,P
2025-11-11 13:15:00+00:00,USGS,11507200,,P,4135.21,P
2025-11-11 13:30:00+00:00,USGS,11507200,,P,4135.2,P
2025-11-11 13:45:00+00:00,USGS,11507200,,P,4135.2,P
2025-11-11 14:00:00+00:00,USGS,11507200,,P,4135.2,P
2025-11-11 14:15:00+00:00,USGS,11507200,,P,4135.19,P
2025-11-11 14:30:00+00:00,USGS,11507200,,P,4135.19,P
2025-11-11 14:45:00+00:00,USGS,11507200,,P,4135.18,P
2025-11-11 15:00:00+00:00,USGS,11507200,,P,4135.18,P
2025-11-11 15:15:00+00:00,USGS,11507200,,P,4135.18,P
2025-11-11 15:30:00+00:00,USGS,11507200,,P,4135.17,P
2025-11-11 15:45:00+00:00,USGS,11507200,,P,4135.17,P
2025-11-11 16:00:00+00:00,USGS,11507200,,P,4135.17,P
2025-11-11 16:15:00+00:00,USGS,11507200,,P,4135.16,P
2025-11-11 16:30:00+00:00,USGS,11507200,,P,4135.16,P
2025-11-11 16:45:00+00:00,USGS,11507200,,P,4135.16,P
2025-11-11 17:00:00+00:00,USGS,11507200,,P,4135.15,P
2025-11-11 17:15:00+00:00,USGS,11507200,,P,4135.15,P
2025-11-11 17:30:00+00:00,USGS,11507200,,P,4135.15,P
2025-11-11 17:45:00+00:00,USGS,11507200,,P,4135.15,P
2025-11-11 18:00:00+00:00,USGS,11507200,,P,4135.15,P
2025-11-11 18:15:00+00:00,USGS,11507200,,P,4135.15,P
2025-11-11 18:30:00+00:00,USGS,11507200,,P,4135.14,P
2025-11-11 18:45:00+00:00,USGS,11507200,,P,4135.14,P
2025-11-11 19:00:00+00:00,USGS,11507200,,P,4135.14,P
2025-11-11 19:15:00+00:00,USGS,11507200,,P,4135.14,P
2025-11-11 19:30:00+00:00,USGS,11507200,,P,4135.14,P
2025-11-11 19:45:00+00:00,USGS,11507200,,P,4135.14,P
2025-11-11 20:00:00+00:00,USGS,11507200,,P,4135.14,P
2025-11-11 20:15:00+00:00,USGS,11507200,,P,4135.14,P
2025-11-11 20:30:00+00:00,USGS,11507200,,P,4135.14,P
2025-11-11 20:45:00+00:00,USGS,11507200,,P,4135.14,P
2025-11-11 21:00:00+00:00,USGS,11507200,,P,4135.14,P
2025-11-11 21:15:00+00:00,USGS,11507200,,P,4135.14,P
2025-11-11 21:30:00+00:00,USGS,11507200,,P,4135.14,P
2025-11-11 21:45:00+00:00,USGS,11507200,,P,4135.14,P
2025-11-11 22:00:00+00:00,USGS,11507200,,P,4135.14,P
2025-11-11 22:15:00+00:00,USGS,11507200,,P,4135.14,P
2025-11-11 22:30:00+00:00,USGS,11507200,,P,4135.14,P
2025-11-11 22:45:00+00:00,USGS,11507200,,P,4135.14,P
2025-11-11 23:00:00+00:00,USGS,11507200,,P,4135.14,P
2025-11-11 23:15:00+00:00,USGS,11507200,,P,4135.14,P
2025-11-11 23:30:00+00:00,USGS,11507200,,P,4135.14,P
2025-11-11 23:45:00+00:00,USGS,11507200,,P,4135.14,P
2025-11-12 00:00:00+00:00,USGS,11507200,,P,4135.15,P
2025-11-12 00:15:00+00:00,USGS,11507200,,P,4135.15,P
2025-11-12 00:30:00+00:00,USGS,11507200,,P,4135.15,P
2025-11-12 00:45:00+00:00,USGS,11507200,,P,4135.16,P
2025-11-12 01:00:00+00:00,USGS,11507200,,P,4135.16,P
2025-11-12 01:15:00+00:00,USGS,11507200,,P,4135.16,P
2025-11-12 01:30:00+00:00,USGS,11507200,,P,4135.16,P
2025-11-12 01:45:00+00:00,USGS,11507200,,P,4135.16,P
2025-11-12 02:00:00+00:00,USGS,11507200,,P,4135.16,P
2025-11-12 02:15:00+00:00,USGS,11507200,,P,4135.16,P
2025-11-12 02:30:00+00:00,USGS,11507200,,P,4135.16,P
2025-11-12 02:45:00+00:00,USGS,11507200,,P,4135.16,P
2025-11-12 03:00:00+00:00,USGS,11507200,,P,4135.16,P
2025-11-12 03:15:00+00:00,USGS,11507200,,P,4135.16,P
2025-11-12 03:30:00+00:00,USGS,11507200,,P,4135.17,P
2025-11-12 03:45:00+00:00,USGS,11507200,,P,4135.17,P
2025-11-12 04:00:00+00:00,USGS,11507200,,P,4135.17,P
2025-11-12 04:15:00+00:00,USGS,11507200,,P,4135.17,P
2025-11-12 04:30:00+00:00,USGS,11507200,,P,4135.17,P
2025-11-12 04:45:00+00:00,USGS,11507200,,P,4135.17,P
2025-11-12 05:00:00+00:00,USGS,11507200,,P,4135.17,P
2025-11-12 05:15:00+00:00,USGS,11507200,,P,4135.17,P
2025-11-12 05:30:00+00:00,USGS,11507200,,P,4135.17,P
2025-11-12 05:45:00+00:00,USGS,11507200,,P,4135.17,P
2025-11-12 06:00:00+00:00,USGS,11507200,,P,4135.17,P
2025-11-12 06:15:00+00:00,USGS,11507200,,P,4135.17,P
2025-11-12 06:30:00+00:00,USGS,11507200,,P,4135.17,P
2025-11-12 06:45:00+00:00,USGS,11507200,,P,4135.17,P
2025-11-12 07:00:00+00:00,USGS,11507200,,P,4135.17,P
2025-11-12 07:15:00+00:00,USGS,11507200,,P,4135.17,P
2025-11-12 07:30:00+00:00,USGS,11507200,,P,4135.17,P
2025-11-12 07:45:00+00:00,USGS,11507200,,P,4135.17,P
2025-11-12 08:00:00+00:00,USGS,11507200,,P,4135.17,P
2025-11-12 08:15:00+00:00,USGS,11507200,,P,4135.17,P
2025-11-12 08:30:00+00:00,USGS,11507200,,P,4135.17,P
2025-11-12 08:45:00+00:00,USGS,11507200,,P,4135.17,P
2025-11-12 09:00:00+00:00,USGS,11507200,,P,4135.17,P
2025-11-12 09:15:00+00:00,USGS,11507200,,P,4135.17,P
2025-11-12 09:30:00+00:00,USGS,11507200,,P,4135.17,P
2025-11-12 09:45:00+00:00,USGS,11507200,,P,4135.17,P
2025-11-12 10:00:00+00:00,USGS,11507200,,P,4135.17,P
2025-11-12 10:15:00+00:00,USGS,11507200,,P,4135.17,P
2025-11-12 10:30:00+00:00,USGS,11507200,,P,4135.17,P
2025-11-12 10:45:00+00:00,USGS,11507200,,P,4135.17,P
2025-11-12 11:00:00+00:00,USGS,11507200,,P,4135.17,P
2025-11-12 11:15:00+00:00,USGS,11507200,,P,4135.17,P
2025-11-12 11:30:00+00:00,USGS,11507200,,P,4135.17,P
2025-11-12 11:45:00+00:00,USGS,11507200,,P,4135.17,P
2025-11-12 12:00:00+00:00,USGS,11507200,,P,4135.17,P
2025-11-12 12:15:00+00:00,USGS,11507200,,P,4135.17,P
2025-11-12 12:30:00+00:00,USGS,11507200,,P,4135.17,P
2025-11-12 12:45:00+00:00,USGS,11507200,,P,4135.17,P
2025-11-12 13:00:00+00:00,USGS,11507200,,P,4135.17,P
2025-11-12 13:15:00+00:00,USGS,11507200,,P,4135.17,P
2025-11-12 13:30:00+00:00,USGS,11507200,,P,4135.16,P
2025-11-12 13:45:00+00:00,USGS,11507200,,P,4135.16,P
2025-11-12 14:00:00+00:00,USGS,11507200,,P,4135.16,P
2025-11-12 14:15:00+00:00,USGS,11507200,,P,4135.16,P
2025-11-12 14:30:00+00:00,USGS,11507200,,P,4135.17,P
2025-11-12 14:45:00+00:00,USGS,11507200,,P,4135.17,P
2025-11-12 15:00:00+00:00,USGS,11507200,,P,4135.17,P
2025-11-12 15:15:00+00:00,USGS,11507200,,P,4135.16,P
2025-11-12 15:30:00+00:00,USGS,11507200,,P,4135.16,P
2025-11-12 15:45:00+00:00,USGS,11507200,,P,4135.16,P
2025-11-12 16:00:00+00:00,USGS,11507200,,P,4135.16,P
2025-11-12 16:15:00+00:00,USGS,11507200,,P,4135.16,P
2025-11-12 16:30:00+00:00,USGS,11507200,,P,4135.16,P
2025-11-12 16:45:00+00:00,USGS,11507200,,P,4135.11,P
2025-11-12 17:00:00+00:00,USGS,11507200,,P,4135.06,P
2025-11-12 17:15:00+00:00,USGS,11507200,,P,4135.01,P
2025-11-12 17:30:00+00:00,USGS,11507200,,P,4134.96,P
2025-11-12 17:45:00+00:00,USGS,11507200,,P,4134.92,P
2025-11-12 18:00:00+00:00,USGS,11507200,,P,4134.88,P
2025-11-12 18:15:00+00:00,USGS,11507200,,P,4134.84,P
2025-11-12 18:30:00+00:00,USGS,11507200,,P,4134.8,P
2025-11-12 18:45:00+00:00,USGS,11507200,,P,4134.76,P
2025-11-12 19:00:00+00:00,USGS,11507200,,P,4134.73,P
2025-11-12 19:15:00+00:00,USGS,11507200,,P,4134.69,P
2025-11-12 19:30:00+00:00,USGS,11507200,,P,4134.67,P
2025-11-12 19:45:00+00:00,USGS,11507200,,P,4134.63,P
2025-11-12 20:00:00+00:00,USGS,11507200,,P,4134.6,P
2025-11-12 20:15:00+00:00,USGS,11507200,,P,4134.57,P
2025-11-12 20:30:00+00:00,USGS,11507200,,P,4134.54,P
2025-11-12 20:45:00+00:00,USGS,11507200,,P,4134.51,P
2025-11-12 21:00:00+00:00,USGS,11507200,,P,4134.48,P
2025-11-12 21:15:00+00:00,USGS,11507200,,P,4134.46,P
2025-11-12 21:30:00+00:00,USGS,11507200,,P,4134.44,P
2025-11-12 21:45:00+00:00,USGS,11507200,,P,4134.42,P
2025-11-12 22:00:00+00:00,USGS,11507200,,P,4134.39,P
2025-11-12 22:15:00+00:00,USGS,11507200,,P,4134.38,P
2025-11-12 22:30:00+00:00,USGS,11507200,,P,4134.36,P
2025-11-12 22:45:00+00:00,USGS,11507200,,P,4134.34,P
2025-11-12 23:00:00+00:00,USGS,11507200,,P,4134.32,P
2025-11-12 23:15:00+00:00,USGS,11507200,,P,4134.3,P
2025-11-12 23:30:00+00:00,USGS,11507200,,P,4134.29,P
2025-11-12 23:45:00+00:00,USGS,11507200,,P,4134.27,P
2025-11-13 00:00:00+00:00,USGS,11507200,,P,4134.26,P
2025-11-13 00:15:00+00:00,USGS,11507200,,P,4134.25,P
2025-11-13 00:30:00+00:00,USGS,11507200,,P,4134.23,P
2025-11-13 00:45:00+00:00,USGS,11507200,,P,4134.23,P
2025-11-13 01:00:00+00:00,USGS,11507200,,P,4134.22,P
2025-11-13 01:15:00+00:00,USGS,11507200,,P,4134.21,P
2025-11-13 01:30:00+00:00,USGS,11507200,,P,4134.2,P
2025-11-13 01:45:00+00:00,USGS,11507200,,P,4134.19,P
2025-11-13 02:00:00+00:00,USGS,11507200,,P,4134.19,P
2025-11-13 02:15:00+00:00,USGS,11507200,,P,4134.19,P
2025-11-13 02:30:00+00:00,USGS,11507200,,P,4134.19,P
2025-11-13 02:45:00+00:00,USGS,11507200,,P,4134.18,P
2025-11-13 03:00:00+00:00,USGS,11507200,,P,4134.18,P
2025-11-13 03:15:00+00:00,USGS,11507200,,P,4134.18,P
2025-11-13 03:30:00+00:00,USGS,11507200,,P,4134.18,P
2025-11-13 03:45:00+00:00,USGS,11507200,,P,4134.17,P
2025-11-13 04:00:00+00:00,USGS,11507200,,P,4134.17,P
2025-11-13 04:15:00+00:00,USGS,11507200,,P,4134.17,P
2025-11-13 04:30:00+00:00,USGS,11507200,,P,4134.17,P
2025-11-13 04:45:00+00:00,USGS,11507200,,P,4134.17,P
2025-11-13 05:00:00+00:00,USGS,11507200,,P,4134.16,P
2025-11-13 05:15:00+00:00,USGS,11507200,,P,4134.16,P
2025-11-13 05:30:00+00:00,USGS,11507200,,P,4134.16,P
2025-11-13 05:45:00+00:00,USGS,11507200,,P,4134.15,P
2025-11-13 06:00:00+00:00,USGS,11507200,,P,4134.16,P
2025-11-13 06:15:00+00:00,USGS,11507200,,P,4134.16,P
2025-11-13 06:30:00+00:00,USGS,11507200,,P,4134.16,P
2025-11-13 06:45:00+00:00,USGS,11507200,,P,4134.16,P
2025-11-13 07:00:00+00:00,USGS,11507200,,P,4134.16,P
2025-11-13 07:15:00+00:00,USGS,11507200,,P,4134.16,P
2025-11-13 07:30:00+00:00,USGS,11507200,,P,4134.15,P
2025-11-13 07:45:00+00:00,USGS,11507200,,P,4134.15,P
2025-11-13 08:00:00+00:00,USGS,11507200,,P,4134.14,P
2025-11-13 08:15:00+00:00,USGS,11507200,,P,4134.14,P
2025-11-13 08:30:00+00:00,USGS,11507200,,P,4134.14,P
2025-11-13 08:45:00+00:00,USGS,11507200,,P,4134.13,P
2025-11-13 09:00:00+00:00,USGS,11507200,,P,4134.12,P
2025-11-13 09:15:00+00:00,USGS,11507200,,P,4134.11,P
2025-11-13 09:30:00+00:00,USGS,11507200,,P,4134.11,P
2025-11-13 09:45:00+00:00,USGS,11507200,,P,4134.1,P
2025-11-13 10:00:00+00:00,USGS,11507200,,P,4134.09,P
2025-11-13 10:15:00+00:00,USGS,11507200,,P,4134.09,P
2025-11-13 10:30:00+00:00,USGS,11507200,,P,4134.08,P
2025-11-13 10:45:00+00:00,USGS,11507200,,P,4134.08,P
2025-11-13 11:00:00+00:00,USGS,11507200,,P,4134.07,P
2025-11-13 11:15:00+00:00,USGS,11507200,,P,4134.06,P
2025-11-13 11:30:00+00:00,USGS,11507200,,P,4134.06,P
2025-11-13 11:45:00+00:00,USGS,11507200,,P,4134.05,P
2025-11-13 12:00:00+00:00,USGS,11507200,,P,4134.04,P
2025-11-13 12:15:00+00:00,USGS,11507200,,P,4134.04,P
2025-11-13 12:30:00+00:00,USGS,11507200,,P,4134.04,P
2025-11-13 12:45:00+00:00,USGS,11507200,,P,4134.04,P
2025-11-13 13:00:00+00:00,USGS,11507200,,P,4134.05,P
2025-11-13 13:15:00+00:00,USGS,11507200,,P,4134.04,P
2025-11-13 13:30:00+00:00,USGS,11507200,,P,4134.04,P
2025-11-13 13:45:00+00:00,USGS,11507200,,P,4134.04,P
2025-11-13 14:00:00+00:00,USGS,11507200,,P,4134.03,P
2025-11-13 14:15:00+00:00,USGS,11507200,,P,4134.03,P
2025-11-13 14:30:00+00:00,USGS,11507200,,P,4134.03,P
2025-11-13 14:45:00+00:00,USGS,11507200,,P,4134.03,P
2025-11-13 15:00:00+00:00,USGS,11507200,,P,4134.03,P
2025-11-13 15:15:00+00:00,USGS,11507200,,P,4134.03,P
2025-11-13 15:30:00+00:00,USGS,11507200,,P,4134.04,P
2025-11-13 15:45:00+00:00,USGS,11507200,,P,4134.03,P
2025-11-13 16:00:00+00:00,USGS,11507200,,P,4134.03,P
2025-11-13 16:15:00+00:00,USGS,11507200,,P,4134.03,P
2025-11-13 16:30:00+00:00,USGS,11507200,,P,4134.03,P
2025-11-13 16:45:00+00:00,USGS,11507200,,P,4134.03,P
2025-11-13 17:00:00+00:00,USGS,11507200,,P,4134.03,P
2025-11-13 17:15:00+00:00,USGS,11507200,,P,4134.01,P
2025-11-13 17:30:00+00:00,USGS,11507200,,P,4133.98,P
2025-11-13 17:45:00+00:00,USGS,11507200,,P,4133.96,P
2025-11-13 18:00:00+00:00,USGS,11507200,,P,4133.92,P
2025-11-13 18:15:00+00:00,USGS,11507200,,P,4133.91,P
2025-11-13 18:30:00+00:00,USGS,11507200,,P,4133.89,P
2025-11-13 18:45:00+00:00,USGS,11507200,,P,4133.85,P
2025-11-13 19:00:00+00:00,USGS,11507200,,P,4133.83,P
2025-11-13 19:15:00+00:00,USGS,11507200,,P,4133.8,P
2025-11-13 19:30:00+00:00,USGS,11507200,,P,4133.78,P
2025-11-13 19:45:00+00:00,USGS,11507200,,P,4133.77,P
2025-11-13 20:00:00+00:00,USGS,11507200,,P,4133.75,P
2025-11-13 20:15:00+00:00,USGS,11507200,,P,4133.72,P
2025-11-13 20:30:00+00:00,USGS,11507200,,P,4133.7,P
2025-11-13 20:45:00+00:00,USGS,11507200,,P,4133.69,P
2025-11-13 21:00:00+00:00,USGS,11507200,,P,4133.68,P
2025-11-13 21:15:00+00:00,USGS,11507200,,P,4133.66,P
2025-11-13 21:30:00+00:00,USGS,11507200,,P,4133.65,P
2025-11-13 21:45:00+00:00,USGS,11507200,,P,4133.63,P
2025-11-13 22:00:00+00:00,USGS,11507200,,P,4133.62,P
2025-11-13 22:15:00+00:00,USGS,11507200,,P,4133.61,P
2025-11-13 22:30:00+00:00,USGS,11507200,,P,4133.61,P
2025-11-13 22:45:00+00:00,USGS,11507200,,P,4133.59,P
2025-11-13 23:00:00+00:00,USGS,11507200,,P,4133.57,P
2025-11-13 23:15:00+00:00,USGS,11507200,,P,4133.57,P
2025-11-13 23:30:00+00:00,USGS,11507200,,P,4133.57,P
2025-11-13 23:45:00+00:00,USGS,11507200,,P,4133.56,P
2025-11-14 00:00:00+00:00,USGS,11507200,,P,4133.56,P
2025-11-14 00:15:00+00:00,USGS,11507200,,P,4133.55,P
2025-11-14 00:30:00+00:00,USGS,11507200,,P,4133.54,P
2025-11-14 00:45:00+00:00,USGS,11507200,,P,4133.54,P
2025-11-14 01:00:00+00:00,USGS,11507200,,P,4133.53,P
2025-11-14 01:15:00+00:00,USGS,11507200,,P,4133.51,P
2025-11-14 01:30:00+00:00,USGS,11507200,,P,4133.5,P
2025-11-14 01:45:00+00:00,USGS,11507200,,P,4133.48,P
2025-11-14 02:00:00+00:00,USGS,11507200,,P,4133.47,P
2025-11-14 02:15:00+00:00,USGS,11507200,,P,4133.46,P
2025-11-14 02:30:00+00:00,USGS,11507200,,P,4133.45,P
2025-11-14 02:45:00+00:00,USGS,11507200,,P,4133.44,P
2025-11-14 03:00:00+00:00,USGS,11507200,,P,4133.44,P
2025-11-14 03:15:00+00:00,USGS,11507200,,P,4133.43,P
2025-11-14 03:30:00+00:00,USGS,11507200,,P,4133.43,P
2025-11-14 03:45:00+00:00,USGS,11507200,,P,4133.43,P
2025-11-14 04:00:00+00:00,USGS,11507200,,P,4133.43,P
2025-11-14 04:15:00+00:00,USGS,11507200,,P,4133.43,P
2025-11-14 04:30:00+00:00,USGS,11507200,,P,4133.43,P
2025-11-14 04:45:00+00:00,USGS,11507200,,P,4133.43,P
2025-11-14 05:00:00+00:00,USGS,11507200,,P,4133.43,P
2025-11-14 05:15:00+00:00,USGS,11507200,,P,4133.43,P
2025-11-14 05:30:00+00:00,USGS,11507200,,P,4133.43,P
2025-11-14 05:45:00+00:00,USGS,11507200,,P,4133.43,P
2025-11-14 06:00:00+00:00,USGS,11507200,,P,4133.44,P
2025-11-14 06:15:00+00:00,USGS,11507200,,P,4133.44,P
2025-11-14 06:30:00+00:00,USGS,11507200,,P,4133.44,P
2025-11-14 06:45:00+00:00,USGS,11507200,,P,4133.45,P
2025-11-14 07:00:00+00:00,USGS,11507200,,P,4133.45,P
2025-11-14 07:15:00+00:00,USGS,11507200,,P,4133.45,P
2025-11-14 07:30:00+00:00,USGS,11507200,,P,4133.45,P
2025-11-14 07:45:00+00:00,USGS,11507200,,P,4133.45,P
2025-11-14 08:00:00+00:00,USGS,11507200,,P,4133.45,P
2025-11-14 08:15:00+00:00,USGS,11507200,,P,4133.45,P
2025-11-14 08:30:00+00:00,USGS,11507200,,P,4133.45,P
2025-11-14 08:45:00+00:00,USGS,11507200,,P,4133.45,P
2025-11-14 09:00:00+00:00,USGS,11507200,,P,4133.45,P
2025-11-14 09:15:00+00:00,USGS,11507200,,P,4133.44,P
2025-11-14 09:30:00+00:00,USGS,11507200,,P,4133.44,P
2025-11-14 09:45:00+00:00,USGS,11507200,,P,4133.45,P
2025-11-14 10:00:00+00:00,USGS,11507200,,P,4133.45,P
2025-11-14 10:15:00+00:00,USGS,11507200,,P,4133.45,P
2025-11-14 10:30:00+00:00,USGS,11507200,,P,4133.45,P
2025-11-14 10:45:00+00:00,USGS,11507200,,P,4133.45,P
2025-11-14 11:00:00+00:00,USGS,11507200,,P,4133.45,P
2025-11-14 11:15:00+00:00,USGS,11507200,,P,4133.45,P
2025-11-14 11:30:00+00:00,USGS,11507200,,P,4133.45,P
2025-11-14 11:45:00+00:00,USGS,11507200,,P,4133.45,P
2025-11-14 12:00:00+00:00,USGS,11507200,,P,4133.45,P
2025-11-14 12:15:00+00:00,USGS,11507200,,P,4133.45,P
2025-11-14 12:30:00+00:00,USGS,11507200,,P,4133.45,P
2025-11-14 12:45:00+00:00,USGS,11507200,,P,4133.45,P
2025-11-14 13:00:00+00:00,USGS,11507200,,P,4133.44,P
2025-11-14 13:15:00+00:00,USGS,11507200,,P,4133.44,P
2025-11-14 13:30:00+00:00,USGS,11507200,,P,4133.44,P
2025-11-14 13:45:00+00:00,USGS,11507200,,P,4133.43,P
2025-11-14 14:00:00+00:00,USGS,11507200,,P,4133.43,P
2025-11-14 14:15:00+00:00,USGS,11507200,,P,4133.43,P
2025-11-14 14:30:00+00:00,USGS,11507200,,P,4133.42,P
2025-11-14 14:45:00+00:00,USGS,11507200,,P,4133.42,P
2025-11-14 15:00:00+00:00,USGS,11507200,,P,4133.42,P
2025-11-14 15:15:00+00:00,USGS,11507200,,P,4133.42,P
2025-11-14 15:30:00+00:00,USGS,11507200,,P,4133.42,P
2025-11-14 15:45:00+00:00,USGS,11507200,,P,4133.42,P
2025-11-14 16:00:00+00:00,USGS,11507200,,P,4133.42,P
2025-11-14 16:15:00+00:00,USGS,11507200,,P,4133.42,P
2025-11-14 16:30:00+00:00,USGS,11507200,,P,4133.42,P
2025-11-14 16:45:00+00:00,USGS,11507200,,P,4133.42,P
2025-11-14 17:00:00+00:00,USGS,11507200,,P,4133.42,P
2025-11-14 17:15:00+00:00,USGS,11507200,,P,4133.42,P
2025-11-14 17:30:00+00:00,USGS,11507200,,P,4133.42,P
2025-11-14 17:45:00+00:00,USGS,11507200,,P,4133.42,P
2025-11-14 18:00:00+00:00,USGS,11507200,,P,4133.42,P
2025-11-14 18:15:00+00:00,USGS,11507200,,P,4133.41,P
2025-11-14 18:30:00+00:00,USGS,11507200,,P,4133.41,P
2025-11-14 18:45:00+00:00,USGS,11507200,,P,4133.41,P
2025-11-14 19:00:00+00:00,USGS,11507200,,P,4133.4,P
2025-11-14 19:15:00+00:00,USGS,11507200,,P,4133.38,P
2025-11-14 19:30:00+00:00,USGS,11507200,,P,4133.35,P
2025-11-14 19:45:00+00:00,USGS,11507200,,P,4133.33,P
2025-11-14 20:00:00+00:00,USGS,11507200,,P,4133.31,P
2025-11-14 20:15:00+00:00,USGS,11507200,,P,4133.3,P
2025-11-14 20:30:00+00:00,USGS,11507200,,P,4133.28,P
2025-11-14 20:45:00+00:00,USGS,11507200,,P,4133.27,P
2025-11-14 21:00:00+00:00,USGS,11507200,,P,4133.25,P
2025-11-14 21:15:00+00:00,USGS,11507200,,P,4133.24,P
2025-11-14 21:30:00+00:00,USGS,11507200,,P,4133.22,P
2025-11-14 21:45:00+00:00,USGS,11507200,,P,4133.21,P
2025-11-14 22:00:00+00:00,USGS,11507200,,P,4133.2,P
2025-11-14 22:15:00+00:00,USGS,11507200,,P,4133.2,P
2025-11-14 22:30:00+00:00,USGS,11507200,,P,4133.19,P
2025-11-14 22:45:00+00:00,USGS,11507200,,P,4133.17,P
2025-11-14 23:00:00+00:00,USGS,11507200,,P,4133.15,P
2025-11-14 23:15:00+00:00,USGS,11507200,,P,4133.12,P
2025-11-14 23:30:00+00:00,USGS,11507200,,P,4133.1,P
2025-11-14 23:45:00+00:00,USGS,11507200,,P,4133.08,P
2025-11-15 00:00:00+00:00,USGS,11507200,,P,4133.07,P
2025-11-15 00:15:00+00:00,USGS,11507200,,P,4133.05,P
2025-11-15 00:30:00+00:00,USGS,11507200,,P,4133.04,P
2025-11-15 00:45:00+00:00,USGS,11507200,,P,4133.02,P
2025-11-15 01:00:00+00:00,USGS,11507200,,P,4133.01,P
2025-11-15 01:15:00+00:00,USGS,11507200,,P,4133.0,P
2025-11-15 01:30:00+00:00,USGS,11507200,,P,4132.98,P
2025-11-15 01:45:00+00:00,USGS,11507200,,P,4132.97,P
2025-11-15 02:00:00+00:00,USGS,11507200,,P,4132.96,P
2025-11-15 02:15:00+00:00,USGS,11507200,,P,4132.95,P
2025-11-15 02:30:00+00:00,USGS,11507200,,P,4132.94,P
2025-11-15 02:45:00+00:00,USGS,11507200,,P,4132.93,P
2025-11-15 03:00:00+00:00,USGS,11507200,,P,4132.92,P
2025-11-15 03:15:00+00:00,USGS,11507200,,P,4132.91,P
2025-11-15 03:30:00+00:00,USGS,11507200,,P,4132.9,P
2025-11-15 03:45:00+00:00,USGS,11507200,,P,4132.89,P
2025-11-15 04:00:00+00:00,USGS,11507200,,P,4132.88,P
2025-11-15 04:15:00+00:00,USGS,11507200,,P,4132.87,P
2025-11-15 04:30:00+00:00,USGS,11507200,,P,4132.86,P
2025-11-15 04:45:00+00:00,USGS,11507200,,P,4132.85,P
2025-11-15 05:00:00+00:00,USGS,11507200,,P,4132.84,P
2025-11-15 05:15:00+00:00,USGS,11507200,,P,4132.83,P
2025-11-15 05:30:00+00:00,USGS,11507200,,P,4132.82,P
2025-11-15 05:45:00+00:00,USGS,11507200,,P,4132.81,P
2025-11-15 06:00:00+00:00,USGS,11507200,,P,4132.8,P
2025-11-15 06:15:00+00:00,USGS,11507200,,P,4132.79,P
2025-11-15 06:30:00+00:00,USGS,11507200,,P,4132.78,P
2025-11-15 06:45:00+00:00,USGS,11507200,,P,4132.78,P
2025-11-15 07:00:00+00:00,USGS,11507200,,P,4132.77,P
2025-11-15 07:15:00+00:00,USGS,11507200,,P,4132.77,P
2025-11-15 07:30:00+00:00,USGS,11507200,,P,4132.76,P
2025-11-15 07:45:00+00:00,USGS,11507200,,P,4132.76,P
2025-11-15 08:00:00+00:00,USGS,11507200,,P,4132.75,P
2025-11-15 08:15:00+00:00,USGS,11507200,,P,4132.75,P
2025-11-15 08:30:00+00:00,USGS,11507200,,P,4132.75,P
2025-11-15 08:45:00+00:00,USGS,11507200,,P,4132.74,P
2025-11-15 09:00:00+00:00,USGS,11507200,,P,4132.74,P
2025-11-15 09:15:00+00:00,USGS,11507200,,P,4132.74,P
2025-11-15 09:30:00+00:00,USGS,11507200,,P,4132.73,P
2025-11-15 09:45:00+00:00,USGS,11507200,,P,4132.73,P
2025-11-15 10:00:00+00:00,USGS,11507200,,P,4132.73,P
2025-11-15 10:15:00+00:00,USGS,11507200,,P,4132.73,P
2025-11-15 10:30:00+00:00,USGS,11507200,,P,4132.72,P
2025-11-15 10:45:00+00:00,USGS,11507200,,P,4132.72,P
2025-11-15 11:00:00+00:00,USGS,11507200,,P,4132.72,P
2025-11-15 11:15:00+00:00,USGS,11507200,,P,4132.72,P
2025-11-15 11:30:00+00:00,USGS,11507200,,P,4132.72,P
2025-11-15 11:45:00+00:00,USGS,11507200,,P,4132.71,P
2025-11-15 12:00:00+00:00,USGS,11507200,,P,4132.71,P
2025-11-15 12:15:00+00:00,USGS,11507200,,P,4132.71,P
2025-11-15 12:30:00+00:00,USGS,11507200,,P,4132.71,P
2025-11-15 12:45:00+00:00,USGS,11507200,,P,4132.7,P
2025-11-15 13:00:00+00:00,USGS,11507200,,P,4132.7,P
2025-11-15 13:15:00+00:00,USGS,11507200,,P,4132.7,P
2025-11-15 13:30:00+00:00,USGS,11507200,,P,4132.7,P
2025-11-15 13:45:00+00:00,USGS,11507200,,P,4132.7,P
2025-11-15 14:00:00+00:00,USGS,11507200,,P,4132.7,P
2025-11-15 14:15:00+00:00,USGS,11507200,,P,4132.7,P
2025-11-15 14:30:00+00:00,USGS,11507200,,P,4132.69,P
2025-11-15 14:45:00+00:00,USGS,11507200,,P,4132.69,P
2025-11-15 15:00:00+00:00,USGS,11507200,,P,4132.69,P
2025-11-15 15:15:00+00:00,USGS,11507200,,P,4132.68,P
2025-11-15 15:30:00+00:00,USGS,11507200,,P,4132.68,P
2025-11-15 15:45:00+00:00,USGS,11507200,,P,4132.68,P
2025-11-15 16:00:00+00:00,USGS,11507200,,P,4132.68,P
2025-11-15 16:15:00+00:00,USGS,11507200,,P,4132.68,P
2025-11-15 16:30:00+00:00,USGS,11507200,,P,4132.67,P
2025-11-15 16:45:00+00:00,USGS,11507200,,P,4132.67,P
2025-11-15 17:00:00+00:00,USGS,11507200,,P,4132.67,P
2025-11-15 17:15:00+00:00,USGS,11507200,,P,4132.67,P
2025-11-15 17:30:00+00:00,USGS,11507200,,P,4132.67,P
2025-11-15 17:45:00+00:00,USGS,11507200,,P,4132.67,P
2025-11-15 18:00:00+00:00,USGS,11507200,,P,4132.67,P
2025-11-15 18:15:00+00:00,USGS,11507200,,P,4132.67,P
2025-11-15 18:30:00+00:00,USGS,11507200,,P,4132.67,P
2025-11-15 18:45:00+00:00,USGS,11507200,,P,4132.67,P
2025-11-15 19:00:00+00:00,USGS,11507200,,P,4132.67,P
2025-11-15 19:15:00+00:00,USGS,11507200,,P,4132.67,P
2025-11-15 19:30:00+00:00,USGS,11507200,,P,4132.67,P
2025-11-15 19:45:00+00:00,USGS,11507200,,P,4132.67,P
2025-11-15 20:00:00+00:00,USGS,11507200,,P,4132.67,P
2025-11-15 20:15:00+00:00,USGS,11507200,,P,4132.67,P
2025-11-15 20:30:00+00:00,USGS,11507200,,P,4132.68,P
2025-11-15 20:45:00+00:00,USGS,11507200,,P,4132.68,P
2025-11-15 21:00:00+00:00,USGS,11507200,,P,4132.68,P
2025-11-15 21:15:00+00:00,USGS,11507200,,P,4132.68,P
2025-11-15 21:30:00+00:00,USGS,11507200,,P,4132.68,P
2025-11-15 21:45:00+00:00,USGS,11507200,,P,4132.68,P
2025-11-15 22:00:00+00:00,USGS,11507200,,P,4132.68,P
2025-11-15 22:15:00+00:00,USGS,11507200,,P,4132.68,P
2025-11-15 22:30:00+00:00,USGS,11507200,,P,4132.68,P
2025-11-15 22:45:00+00:00,USGS,11507200,,P,4132.68,P
2025-11-15 23:00:00+00:00,USGS,11507200,,P,4132.68,P
2025-11-15 23:15:00+00:00,USGS,11507200,,P,4132.68,P
2025-11-15 23:30:00+00:00,USGS,11507200,,P,4132.68,P
2025-11-15 23:45:00+00:00,USGS,11507200,,P,4132.68,P
2025-11-16 00:00:00+00:00,USGS,11507200,,P,4132.68,P
2025-11-16 00:15:00+00:00,USGS,11507200,,P,4132.68,P
2025-11-16 00:30:00+00:00,USGS,11507200,,P,4132.69,P
2025-11-16 00:45:00+00:00,USGS,11507200,,P,4132.69,P
2025-11-16 01:00:00+00:00,USGS,11507200,,P,4132.69,P
2025-11-16 01:15:00+00:00,USGS,11507200,,P,4132.69,P
2025-11-16 01:30:00+00:00,USGS,11507200,,P,4132.69,P
2025-11-16 01:45:00+00:00,USGS,11507200,,P,4132.69,P
2025-11-16 02:00:00+00:00,USGS,11507200,,P,4132.69,P
2025-11-16 02:15:00+00:00,USGS,11507200,,P,4132.69,P
2025-11-16 02:30:00+00:00,USGS,11507200,,P,4132.69,P
2025-11-16 02:45:00+00:00,USGS,11507200,,P,4132.69,P
2025-11-16 03:00:00+00:00,USGS,11507200,,P,4132.69,P
2025-11-16 03:15:00+00:00,USGS,11507200,,P,4132.68,P
2025-11-16 03:30:00+00:00,USGS,11507200,,P,4132.68,P
2025-11-16 03:45:00+00:00,USGS,11507200,,P,4132.68,P
2025-11-16 04:00:00+00:00,USGS,11507200,,P,4132.68,P
2025-11-16 04:15:00+00:00,USGS,11507200,,P,4132.68,P
2025-11-16 04:30:00+00:00,USGS,11507200,,P,4132.68,P
2025-11-16 04:45:00+00:00,USGS,11507200,,P,4132.68,P
2025-11-16 05:00:00+00:00,USGS,11507200,,P,4132.68,P
2025-11-16 05:15:00+00:00,USGS,11507200,,P,4132.68,P
2025-11-16 05:30:00+00:00,USGS,11507200,,P,4132.68,P
2025-11-16 05:45:00+00:00,USGS,11507200,,P,4132.68,P
2025-11-16 06:00:00+00:00,USGS,11507200,,P,4132.68,P
2025-11-16 06:15:00+00:00,USGS,11507200,,P,4132.68,P
2025-11-16 06:30:00+00:00,USGS,11507200,,P,4132.68,P
2025-11-16 06:45:00+00:00,USGS,11507200,,P,4132.68,P
2025-11-16 07:00:00+00:00,USGS,11507200,,P,4132.68,P
2025-11-16 07:15:00+00:00,USGS,11507200,,P,4132.67,P
2025-11-16 07:30:00+00:00,USGS,11507200,,P,4132.67,P
2025-11-16 07:45:00+00:00,USGS,11507200,,P,4132.67,P
2025-11-16 08:00:00+00:00,USGS,11507200,,P,4132.67,P
2025-11-16 08:15:00+00:00,USGS,11507200,,P,4132.66,P
2025-11-16 08:30:00+00:00,USGS,11507200,,P,4132.66,P
2025-11-16 08:45:00+00:00,USGS,11507200,,P,4132.66,P
2025-11-16 09:00:00+00:00,USGS,11507200,,P,4132.66,P
2025-11-16 09:15:00+00:00,USGS,11507200,,P,4132.66,P
2025-11-16 09:30:00+00:00,USGS,11507200,,P,4132.66,P
2025-11-16 09:45:00+00:00,USGS,11507200,,P,4132.66,P
2025-11-16 10:00:00+00:00,USGS,11507200,,P,4132.66,P
2025-11-16 10:15:00+00:00,USGS,11507200,,P,4132.66,P
2025-11-16 10:30:00+00:00,USGS,11507200,,P,4132.66,P
2025-11-16 10:45:00+00:00,USGS,11507200,,P,4132.66,P
2025-11-16 11:00:00+00:00,USGS,11507200,,P,4132.66,P
2025-11-16 11:15:00+00:00,USGS,11507200,,P,4132.66,P
2025-11-16 11:30:00+00:00,USGS,11507200,,P,4132.66,P
2025-11-16 11:45:00+00:00,USGS,11507200,,P,4132.66,P
2025-11-16 12:00:00+00:00,USGS,11507200,,P,4132.66,P
2025-11-16 12:15:00+00:00,USGS,11507200,,P,4132.66,P
2025-11-16 12:30:00+00:00,USGS,11507200,,P,4132.65,P
2025-11-16 12:45:00+00:00,USGS,11507200,,P,4132.65,P
2025-11-16 13:00:00+00:00,USGS,11507200,,P,4132.65,P
2025-11-16 13:15:00+00:00,USGS,11507200,,P,4132.65,P
2025-11-16 13:30:00+00:00,USGS,11507200,,P,4132.65,P
2025-11-16 13:45:00+00:00,USGS,11507200,,P,4132.65,P
2025-11-16 14:00:00+00:00,USGS,11507200,,P,4132.65,P
2025-11-16 14:15:00+00:00,USGS,11507200,,P,4132.65,P
2025-11-16 14:30:00+00:00,USGS,11507200,,P,4132.65,P
2025-11-16 14:45:00+00:00,USGS,11507200,,P,4132.65,P
2025-11-16 15:00:00+00:00,USGS,11507200,,P,4132.65,P
2025-11-16 15:15:00+00:00,USGS,11507200,,P,4132.65,P
2025-11-16 15:30:00+00:00,USGS,11507200,,P,4132.65,P
2025-11-16 15:45:00+00:00,USGS,11507200,,P,4132.65,P
2025-11-16 16:00:00+00:00,USGS,11507200,,P,4132.65,P
2025-11-16 16:15:00+00:00,USGS,11507200,,P,4132.65,P
2025-11-16 16:30:00+00:00,USGS,11507200,,P,4132.65,P
2025-11-16 16:45:00+00:00,USGS,11507200,,P,4132.65,P
2025-11-16 17:00:00+00:00,USGS,11507200,,P,4132.64,P
2025-11-16 17:15:00+00:00,USGS,11507200,,P,4132.65,P
2025-11-16 17:30:00+00:00,USGS,11507200,,P,4132.65,P
2025-11-16 17:45:00+00:00,USGS,11507200,,P,4132.64,P
2025-11-16 18:00:00+00:00,USGS,11507200,,P,4132.64,P
2025-11-16 18:15:00+00:00,USGS,11507200,,P,4132.64,P
2025-11-16 18:30:00+00:00,USGS,11507200,,P,4132.64,P
2025-11-16 18:45:00+00:00,USGS,11507200,,P,4132.64,P
2025-11-16 19:00:00+00:00,USGS,11507200,,P,4132.64,P
2025-11-16 19:15:00+00:00,USGS,11507200,,P,4132.64,P
2025-11-16 19:30:00+00:00,USGS,11507200,,P,4132.64,P
2025-11-16 19:45:00+00:00,USGS,11507200,,P,4132.64,P
2025-11-16 20:00:00+00:00,USGS,11507200,,P,4132.64,P
2025-11-16 20:15:00+00:00,USGS,11507200,,P,4132.64,P
2025-11-16 20:30:00+00:00,USGS,11507200,,P,4132.64,P
2025-11-16 20:45:00+00:00,USGS,11507200,,P,4132.65,P
2025-11-16 21:00:00+00:00,USGS,11507200,,P,4132.64,P
2025-11-16 21:15:00+00:00,USGS,11507200,,P,4132.65,P
2025-11-16 21:30:00+00:00,USGS,11507200,,P,4132.65,P
2025-11-16 21:45:00+00:00,USGS,11507200,,P,4132.65,P
2025-11-16 22:00:00+00:00,USGS,11507200,,P,4132.65,P
2025-11-16 22:15:00+00:00,USGS,11507200,,P,4132.65,P
2025-11-16 22:30:00+00:00,USGS,11507200,,P,4132.65,P
2025-11-16 22:45:00+00:00,USGS,11507200,,P,4132.65,P
2025-11-16 23:00:00+00:00,USGS,11507200,,P,4132.65,P
2025-11-16 23:15:00+00:00,USGS,11507200,,P,4132.66,P
2025-11-16 23:30:00+00:00,USGS,11507200,,P,4132.66,P
2025-11-16 23:45:00+00:00,USGS,11507200,,P,4132.66,P
2025-11-17 00:00:00+00:00,USGS,11507200,,P,4132.66,P
2025-11-17 00:15:00+00:00,USGS,11507200,,P,4132.67,P
2025-11-17 00:30:00+00:00,USGS,11507200,,P,4132.67,P
2025-11-17 00:45:00+00:00,USGS,11507200,,P,4132.67,P
2025-11-17 01:00:00+00:00,USGS,11507200,,P,4132.67,P
2025-11-17 01:15:00+00:00,USGS,11507200,,P,4132.66,P
2025-11-17 01:30:00+00:00,USGS,11507200,,P,4132.66,P
2025-11-17 01:45:00+00:00,USGS,11507200,,P,4132.66,P
2025-11-17 02:00:00+00:00,USGS,11507200,,P,4132.66,P
2025-11-17 02:15:00+00:00,USGS,11507200,,P,4132.66,P
2025-11-17 02:30:00+00:00,USGS,11507200,,P,4132.66,P
2025-11-17 02:45:00+00:00,USGS,11507200,,P,4132.66,P
2025-11-17 03:00:00+00:00,USGS,11507200,,P,4132.66,P
2025-11-17 03:15:00+00:00,USGS,11507200,,P,4132.66,P
2025-11-17 03:30:00+00:00,USGS,11507200,,P,4132.66,P
2025-11-17 03:45:00+00:00,USGS,11507200,,P,4132.66,P
2025-11-17 04:00:00+00:00,USGS,11507200,,P,4132.66,P
2025-11-17 04:15:00+00:00,USGS,11507200,,P,4132.66,P
2025-11-17 04:30:00+00:00,USGS,11507200,,P,4132.66,P
2025-11-17 04:45:00+00:00,USGS,11507200,,P,4132.66,P
2025-11-17 05:00:00+00:00,USGS,11507200,,P,4132.66,P
2025-11-17 05:15:00+00:00,USGS,11507200,,P,4132.66,P
2025-11-17 05:30:00+00:00,USGS,11507200,,P,4132.66,P
2025-11-17 05:45:00+00:00,USGS,11507200,,P,4132.65,P
2025-11-17 06:00:00+00:00,USGS,11507200,,P,4132.64,P
2025-11-17 06:15:00+00:00,USGS,11507200,,P,4132.64,P
2025-11-17 06:30:00+00:00,USGS,11507200,,P,4132.64,P
2025-11-17 06:45:00+00:00,USGS,11507200,,P,4132.64,P
2025-11-17 07:00:00+00:00,USGS,11507200,,P,4132.63,P
2025-11-17 07:15:00+00:00,USGS,11507200,,P,4132.62,P
2025-11-17 07:30:00+00:00,USGS,11507200,,P,4132.62,P
2025-11-17 07:45:00+00:00,USGS,11507200,,P,4132.61,P
2025-11-17 08:00:00+00:00,USGS,11507200,,P,4132.6,P
2025-11-17 08:15:00+00:00,USGS,11507200,,P,4132.59,P
2025-11-17 08:30:00+00:00,USGS,11507200,,P,4132.57,P
2025-11-17 08:45:00+00:00,USGS,11507200,,P,4132.57,P
2025-11-17 09:00:00+00:00,USGS,11507200,,P,4132.56,P
2025-11-17 09:15:00+00:00,USGS,11507200,,P,4132.56,P
2025-11-17 09:30:00+00:00,USGS,11507200,,P,4132.56,P
2025-11-17 09:45:00+00:00,USGS,11507200,,P,4132.55,P
2025-11-17 10:00:00+00:00,USGS,11507200,,P,4132.55,P
2025-11-17 10:15:00+00:00,USGS,11507200,,P,4132.55,P
2025-11-17 10:30:00+00:00,USGS,11507200,,P,4132.55,P
2025-11-17 10:45:00+00:00,USGS,11507200,,P,4132.55,P
2025-11-17 11:00:00+00:00,USGS,11507200,,P,4132.55,P
2025-11-17 11:15:00+00:00,USGS,11507200,,P,4132.55,P
2025-11-17 11:30:00+00:00,USGS,11507200,,P,4132.55,P
2025-11-17 11:45:00+00:00,USGS,11507200,,P,4132.56,P
2025-11-17 12:00:00+00:00,USGS,11507200,,P,4132.56,P
2025-11-17 12:15:00+00:00,USGS,11507200,,P,4132.56,P
2025-11-17 12:30:00+00:00,USGS,11507200,,P,4132.56,P
2025-11-17 12:45:00+00:00,USGS,11507200,,P,4132.56,P
2025-11-17 13:00:00+00:00,USGS,11507200,,P,4132.57,P
2025-11-17 13:15:00+00:00,USGS,11507200,,P,4132.57,P
2025-11-17 13:30:00+00:00,USGS,11507200,,P,4132.57,P
2025-11-17 13:45:00+00:00,USGS,11507200,,P,4132.57,P
2025-11-17 14:00:00+00:00,USGS,11507200,,P,4132.58,P
2025-11-17 14:15:00+00:00,USGS,11507200,,P,4132.55,P
2025-11-17 14:30:00+00:00,USGS,11507200,,P,4132.52,P
2025-11-17 14:45:00+00:00,USGS,11507200,,P,4132.48,P
2025-11-17 15:00:00+00:00,USGS,11507200,,P,4132.45,P
2025-11-17 15:15:00+00:00,USGS,11507200,,P,4132.42,P
2025-11-17 15:30:00+00:00,USGS,11507200,,P,4132.39,P
2025-11-17 15:45:00+00:00,USGS,11507200,,P,4132.37,P
2025-11-17 16:00:00+00:00,USGS,11507200,,P,4132.34,P
2025-11-17 16:15:00+00:00,USGS,11507200,,P,4132.32,P
2025-11-17 16:30:00+00:00,USGS,11507200,,P,4132.31,P
2025-11-17 16:45:00+00:00,USGS,11507200,,P,4132.29,P
2025-11-17 17:00:00+00:00,USGS,11507200,,P,4132.27,P
2025-11-17 17:15:00+00:00,USGS,11507200,,P,4132.26,P
2025-11-17 17:30:00+00:00,USGS,11507200,,P,4132.24,P
2025-11-17 17:45:00+00:00,USGS,11507200,,P,4132.23,P
2025-11-17 18:00:00+00:00,USGS,11507200,,P,4132.22,P
2025-11-17 18:15:00+00:00,USGS,11507200,,P,4132.21,P
2025-11-17 18:30:00+00:00,USGS,11507200,,P,4132.2,P
2025-11-17 18:45:00+00:00,USGS,11507200,,P,4132.19,P
2025-11-17 19:00:00+00:00,USGS,11507200,,P,4132.18,P
2025-11-17 19:15:00+00:00,USGS,11507200,,P,4132.16,P
2025-11-17 19:30:00+00:00,USGS,11507200,,P,4132.12,P
2025-11-17 19:45:00+00:00,USGS,11507200,,P,4132.07,P
2025-11-17 20:00:00+00:00,USGS,11507200,,P,4132.0,P
